FIELD_NAME,DESCRIPTION,DATA_TYPE,INPUT_FIELD,CALCULATED_FIELD,,,,,,,,,,,,,,,,,,,,,,,,,,,,,,,,,,,,,,,,,,,,,,,,,,,,,
BCV_REC_ID,"Unique system generated BCV record id (each record has participant information and can also have spouse, beneficiary, and alternate payee information)",NUMBER,,,,,,,,,,,,,,,,,,,,,,,,,,,,,,,,,,,,,,,,,,,,,,,,,,,,,,,
CASE,Case Identification Number (include leading zeros),TEXT,X,,,,,,,,,,,,,,,,,,,,,,,,,,,,,,,,,,,,,,,,,,,,,,,,,,,,,,
RETSTAT,"Participant Status at DOPT (1=Retired, 2=Separated Vested, 3=Active Vested, 4=Nonvested (Active or Separated but not in pay), 5=Not Part of Valuation Population and Not to be Loaded to Genesis)
Notes: If participant is active and solely vested in EEC, he/she is to be considered active vested (3).
           If participant is considered to be non-vested per plan provisions and has no EEC but receives a benefit through an asset allocation in PC6, he/she is to be considered non-vested (4).
           If participant is vested at DOPT but not at BPD, he/she is considered vested (2 or 3).
           The RETSTAT for an AP record is the same as the RETSTAT for the PP record if both PP and AP are deferred at DOPT.
           For AP records included for the BSRS population but not part of the valuation population, set RETSTAT to '1', '2', '3', or '4' so that the data for the AP record can be loaded to Genesis.
           The field C9.AP_VAL_IND must be set to 'Y' or 'N' for all AP records.  Data Validation will not include AP records with AP_VAL_IND set to 'N' in the total record count reported in the summary report.
           A RETSTAT value of 5 is used for records that are not part of the valuation population and not to be laoded to Genesis.",TEXT,X,,,,,,,,,,,,,,,,,,,,,,,,,,,,,,,,,,,,,,,,,,,,,,,,,,,,,,
ID,"Type of Record (1=Participant, 2=Beneficiary, 4=Alternate Payee (AP) from QDRO)
If participant dies on DOPT and DOPT is not on the 1st of the month, the record is a beneficiary record (ID = '2')
If participant dies on DOPT and DOPT is on the 1st of the month, the record is a participant record (ID = '1')",TEXT,X,,,,,,,,,,,,,,,,,,,,,,,,,,,,,,,,,,,,,,,,,,,,,,,,,,,,,,
SSN,"Participant's SSN (If Unknown and ID=1, use official dummy SSN. If Unknown and ID=2 or 4, use 000000000) ",TEXT,X,,,,,,,,,,,,,,,,,,,,,,,,,,,,,,,,,,,,,,,,,,,,,,,,,,,,,,
SSSN,Spouse's SSN (If Unknown and ID=2 and NON_SPOUSE_BENF <> 'Y' use official dummy SSN otherwise use 000000000) ,TEXT,X,,,,,,,,,,,,,,,,,,,,,,,,,,,,,,,,,,,,,,,,,,,,,,,,,,,,,,
FNAME,Participant's First Name (do NOT include period for initial) ,TEXT,X,,,,,,,,,,,,,,,,,,,,,,,,,,,,,,,,,,,,,,,,,,,,,,,,,,,,,,
MNAME,Participant's Middle Name (do NOT include period for initial) ,TEXT,X,,,,,,,,,,,,,,,,,,,,,,,,,,,,,,,,,,,,,,,,,,,,,,,,,,,,,,
LNAME,Participant's Last Name,TEXT,X,,,,,,,,,,,,,,,,,,,,,,,,,,,,,,,,,,,,,,,,,,,,,,,,,,,,,,
ENAME,"Participant's Extra Name (JR, SR, I, II, III, etc - do NOT include periods) ",TEXT,X,,,,,,,,,,,,,,,,,,,,,,,,,,,,,,,,,,,,,,,,,,,,,,,,,,,,,,
SFNAME,Spouse's First Name (do NOT include period for initial) ,TEXT,X,,,,,,,,,,,,,,,,,,,,,,,,,,,,,,,,,,,,,,,,,,,,,,,,,,,,,,
SMNAME,Spouse's Middle Name (do NOT include period for initial) ,TEXT,X,,,,,,,,,,,,,,,,,,,,,,,,,,,,,,,,,,,,,,,,,,,,,,,,,,,,,,
SLNAME,Spouse's Last Name,TEXT,X,,,,,,,,,,,,,,,,,,,,,,,,,,,,,,,,,,,,,,,,,,,,,,,,,,,,,,
SENAME,"Spouse's Extra Name (JR, SR, I, II, III, etc - do NOT include periods) ",TEXT,X,,,,,,,,,,,,,,,,,,,,,,,,,,,,,,,,,,,,,,,,,,,,,,,,,,,,,,
RELATION,"In Pre-ACT 6.1 Databases, the spouse fields above were used to hold non-spouse beneficiary data and this field was used to identify the relation of the beneficiary to the participant.
In ACT 6.1 databases, this field can be used by actuaries to identify spouse data to be used only for generating BD statement or recalculation and not to be used for valuation.",TEXT,X,,,,,,,,,,,,,,,,,,,,,,,,,,,,,,,,,,,,,,,,,,,,,,,,,,,,,,
PSEX,"Participant's Gender (M=Male, F=Female, U=Unknown)",TEXT,X,,,,,,,,,,,,,,,,,,,,,,,,,,,,,,,,,,,,,,,,,,,,,,,,,,,,,,
SSEX,"Spouse's Gender (M=Male, F=Female, U=Unknown)",TEXT,X,,,,,,,,,,,,,,,,,,,,,,,,,,,,,,,,,,,,,,,,,,,,,,,,,,,,,,
PHS,"Participant's Health Status Code (0=Healthy, 1=Disabled w/o Social Security, 2=Disabled w/ Social Security) ",TEXT,X,,,,,,,,,,,,,,,,,,,,,,,,,,,,,,,,,,,,,,,,,,,,,,,,,,,,,,
SHS,"Spouse's Health Status Code (0=Healthy, 1=Disabled w/o Social Security, 2=Disabled w/ Social Security - note we assume that the contigent annuitant is healthy) ",TEXT,X,,,,,,,,,,,,,,,,,,,,,,,,,,,,,,,,,,,,,,,,,,,,,,,,,,,,,,
SOWN,"Substantial Owner Indicator (Y=Yes, N=No) (Use this for Majority Owners in accordance with PPA for plans with Termination Initiation Dates on or after 1/1/2006.) ",TEXT,X,,,,,,,,,,,,,,,,,,,,,,,,,,,,,,,,,,,,,,,,,,,,,,,,,,,,,,
SOMOS,Number of Months that the Participant was a Substantial Owner (NOT applicable for Majority Owners in accordance with PPA) ,NUMBER,X,,,,,,,,,,,,,,,,,,,,,,,,,,,,,,,,,,,,,,,,,,,,,,,,,,,,,,
MSTAT,"Participant's Marital Status (M=Married, S=Single, D=Divorced, W=Widowed, U=Unknown) ",TEXT,X,,,,,,,,,,,,,,,,,,,,,,,,,,,,,,,,,,,,,,,,,,,,,,,,,,,,,,
DOM,Date of Marriage (may be needed for QPSA coverage charge),DATE/TIME,X,,,,,,,,,,,,,,,,,,,,,,,,,,,,,,,,,,,,,,,,,,,,,,,,,,,,,,
PRSAC,"Pre-Retirement Survivor Annuity Waiver (Y=Waived, N=Not Waived, U=Unknown - may be needed for QPSA coverage charge) ",TEXT,,,,,,,,,,,,,,,,,,,,,,,,,,,,,,,,,,,,,,,,,,,,,,,,,,,,,,,
SJSWC,"Spouse J&S Waiver Code (Y=Waived, N=Not Waived, U=Unknown) ",TEXT,,,,,,,,,,,,,,,,,,,,,,,,,,,,,,,,,,,,,,,,,,,,,,,,,,,,,,,
DOB,Participant's Date of Birth,DATE/TIME,X,,,,,,,,,,,,,,,,,,,,,,,,,,,,,,,,,,,,,,,,,,,,,,,,,,,,,,
SDOB,Spouse's Date of Birth,DATE/TIME,X,,,,,,,,,,,,,,,,,,,,,,,,,,,,,,,,,,,,,,,,,,,,,,,,,,,,,,
VAL_SDOB,Spouse's Date of Birth used for valuation (sames as SDOB if known otherwise calculated based on male spouses being 4 years older than female spouses),DATE/TIME,,X,,,,,,,,,,,,,,,,,,,,,,,,,,,,,,,,,,,,,,,,,,,,,,,,,,,,,
DOH,Participant's Date of Hire,DATE/TIME,X,,,,,,,,,,,,,,,,,,,,,,,,,,,,,,,,,,,,,,,,,,,,,,,,,,,,,,
DOP,Participant's Date of Participation,DATE/TIME,X,,,,,,,,,,,,,,,,,,,,,,,,,,,,,,,,,,,,,,,,,,,,,,,,,,,,,,
DOBF,Participant's Date of Benefit Freeze,DATE/TIME,X,,,,,,,,,,,,,,,,,,,,,,,,,,,,,,,,,,,,,,,,,,,,,,,,,,,,,,
DOTE,Participant's Date of Termination of Employment (DOPT used for default RBD calculation when NULL and RETSTAT is '3' or '4'),DATE/TIME,X,,,,,,,,,,,,,,,,,,,,,,,,,,,,,,,,,,,,,,,,,,,,,,,,,,,,,,
BDERDLEV,Start Date of the Level Life Benefit at the PBGC Earliest Commencement Date as of the BD Issuance,DATE/TIME,,X,,,,,,,,,,,,,,,,,,,,,,,,,,,,,,,,,,,,,,,,,,,,,,,,,,,,,
EDERDLEV,End Date of the (last day benefit payable) Level Life Benefit at the PBGC Earliest Commencement Date as of the BD Issuance (Life = 12/01/2099),DATE/TIME,,X,,,,,,,,,,,,,,,,,,,,,,,,,,,,,,,,,,,,,,,,,,,,,,,,,,,,,
NRD,Normal Retirement Date,DATE/TIME,,X,,,,,,,,,,,,,,,,,,,,,,,,,,,,,,,,,,,,,,,,,,,,,,,,,,,,,
XRD,"Expected Retirement Date (Use the first of the month on/after DOPT for Retirees, Beneficiaries, and APs in pay status at DOPT.) ",DATE/TIME,,X,,,,,,,,,,,,,,,,,,,,,,,,,,,,,,,,,,,,,,,,,,,,,,,,,,,,,
BD_LEV,Start Date of the Primary Level Life XRD Benefit,DATE/TIME,,X,,,,,,,,,,,,,,,,,,,,,,,,,,,,,,,,,,,,,,,,,,,,,,,,,,,,,
ED_LEV,End Date (last day benefit payable) of the Primary Level Life XRD Benefit (Life = 12/01/2099),DATE/TIME,,X,,,,,,,,,,,,,,,,,,,,,,,,,,,,,,,,,,,,,,,,,,,,,,,,,,,,,
BDEUAS,"Start Date of the Level Life Benefit at the PBGC Earliest Unreduced Retirement Date) as of the BD Issuance
If eligible for early unreduced retirement after DOPT but before BD Issuance, set to the earliest unreduced date that occurs on or after DOPT.",DATE/TIME,,X,,,,,,,,,,,,,,,,,,,,,,,,,,,,,,,,,,,,,,,,,,,,,,,,,,,,,
EDEUAS,End Date Ilast day benefit payable) of the Level Life Benefit at the PBGC Earliest Unreduced Retirement Date as of the BD Issuance (Life = 12/01/2099),DATE/TIME,,X,,,,,,,,,,,,,,,,,,,,,,,,,,,,,,,,,,,,,,,,,,,,,,,,,,,,,
BDCC,Begin Date of the C&C Period (For valuation purposes; need date on or after DOPT),DATE/TIME,,X,,,,,,,,,,,,,,,,,,,,,,,,,,,,,,,,,,,,,,,,,,,,,,,,,,,,,
EDCC,End Date (last day benefit payable)  of the C&C Period ,DATE/TIME,,X,,,,,,,,,,,,,,,,,,,,,,,,,,,,,,,,,,,,,,,,,,,,,,,,,,,,,
DOD,Participant's Date of Death,DATE/TIME,X,,,,,,,,,,,,,,,,,,,,,,,,,,,,,,,,,,,,,,,,,,,,,,,,,,,,,,
SDOD,Spouse's Date of Death,DATE/TIME,X,,,,,,,,,,,,,,,,,,,,,,,,,,,,,,,,,,,,,,,,,,,,,,,,,,,,,,
ANB,Participant's Age Nearest Birthday at DOPT,NUMBER,,X,,,,,,,,,,,,,,,,,,,,,,,,,,,,,,,,,,,,,,,,,,,,,,,,,,,,,
SANB,Beneficiary's Age Nearest Birthday at DOPT,NUMBER,,X,,,,,,,,,,,,,,,,,,,,,,,,,,,,,,,,,,,,,,,,,,,,,,,,,,,,,
AADOTE,Participant's Attained Age at DOTE,NUMBER,,X,,,,,,,,,,,,,,,,,,,,,,,,,,,,,,,,,,,,,,,,,,,,,,,,,,,,,
AADOPT,Participant's Attained Age at DOPT,NUMBER,,X,,,,,,,,,,,,,,,,,,,,,,,,,,,,,,,,,,,,,,,,,,,,,,,,,,,,,
AAXRD,Participant's Attained Age at XRD,NUMBER,,X,,,,,,,,,,,,,,,,,,,,,,,,,,,,,,,,,,,,,,,,,,,,,,,,,,,,,
SAAXRD,Spouse/Beneficiary/AP's Attained Age at XRD,NUMBER,,X,,,,,,,,,,,,,,,,,,,,,,,,,,,,,,,,,,,,,,,,,,,,,,,,,,,,,
ERA_XRA,"Age Nearest Birthday at Earliest PBGC Retirement Date as of DOPT (if eligible to retire before DOPT set to age nearest birthday at DOPT not first of the month following DOPT)
Note, only applicable for records not in pay at DOPT and also note that the BD Issuance Date is not applicable for this calculated value",NUMBER,,X,,,,,,,,,,,,,,,,,,,,,,,,,,,,,,,,,,,,,,,,,,,,,,,,,,,,,
EURA_XRA,"Age Nearest Birthday at Earliest Unreduced PBGC Retirement Date as of DOPT (if eligible to retire with an unreduced benefit before DOPT set to age nearest birthday at DOPT not first of the month following DOPT)
The earliest unreduced retirement date is based on the plan provisions before taking into account PBGC limitations (i.e., the plan date is used even if the benefit at that date is reduced by PBGC limitations).
Note, only applicable for records not in pay at DOPT and also note that the BD Issuance Date is not applicable for this calculated value",NUMBER,,X,,,,,,,,,,,,,,,,,,,,,,,,,,,,,,,,,,,,,,,,,,,,,,,,,,,,,
GMB_EURA_XRA,"PBGC guaranteed monthly benefit payable at unreduced retirement age in the normal single form.  Only the lifetime benefit amount is include, i.e., supplements and other temporary or deferred benefits are ignored.
In the case of a substantial/majority owner, the PBGC guaranteed benefit as a non-substantial/majority owner is used.  Only populate this field when it is needed for determing the benefit level for the XRA table.",NUMBER,,X,,,,,,,,,,,,,,,,,,,,,,,,,,,,,,,,,,,,,,,,,,,,,,,,,,,,,
EURA_PBGC, Age Nearest Birthday a PBGC’s Earliest Unreduced Retirement as of DOPT after application of PBGC limitations and performance of allocations.,NUMBER,,X,,,,,,,,,,,,,,,,,,,,,,,,,,,,,,,,,,,,,,,,,,,,,,,,,,,,,
NRA,Normal Retirement Age (age nearest birthday at Normal Retirement Date),NUMBER,,X,,,,,,,,,,,,,,,,,,,,,,,,,,,,,,,,,,,,,,,,,,,,,,,,,,,,,
XRA,Participant's Expected Retirement Age (used to calculate liability and lump sum present value factors),NUMBER,,X,,,,,,,,,,,,,,,,,,,,,,,,,,,,,,,,,,,,,,,,,,,,,,,,,,,,,
ANB_XRD,Participant's Age Nearest Birthday at the Expected Retirement Date (generally used for BFCF calculation),NUMBER,,X,,,,,,,,,,,,,,,,,,,,,,,,,,,,,,,,,,,,,,,,,,,,,,,,,,,,,
SXRA,Beneficiary's Expected Retirement Age (used to calculate liability and lump sum present value factors),NUMBER,,X,,,,,,,,,,,,,,,,,,,,,,,,,,,,,,,,,,,,,,,,,,,,,,,,,,,,,
SANB_XRD,Beneficiary's Age Nearest Birthday at Expected Retirement Date (generally used for BFCF calculation),NUMBER,,X,,,,,,,,,,,,,,,,,,,,,,,,,,,,,,,,,,,,,,,,,,,,,,,,,,,,,
SAGELEV,Starting Age Nearest Birthday of the Primary Level Life XRD Benefit,NUMBER,,X,,,,,,,,,,,,,,,,,,,,,,,,,,,,,,,,,,,,,,,,,,,,,,,,,,,,,
EAGELEV,Ending Age Nearest Birthday of the Primary Level Life XRD Benefit,NUMBER,,X,,,,,,,,,,,,,,,,,,,,,,,,,,,,,,,,,,,,,,,,,,,,,,,,,,,,,
FORM_CODE,"Primary Level Life XRD Benefit Form (1=Installment Refund, 2=SLA, 3=Modified Cash Refund, 4=Certain Only, 5=C&C, 6=Temporary, 7=Joint, 8=J&S Joint, 9=J&S Contingent, 0=J&S Popup)
(A=Non-Traditional J&S with Certain, B=Non-Traditional J&S Popup with Certain)
(C=J&S Joint with Installment Refund, D=J&S Contingent with Installment Refund, E=J&S Popup with Installment Refund)
(F=J&S Joint with Modified Cash Refund, G=J&S Contingent with Modified Cash Refund, H=J&S Popup with Modified Cash Refund)
For a J&S with a certain period, populate both SPC_VAL and MTHS - applies to both Contingent and Popup.",TEXT,,X,,,,,,,,,,,,,,,,,,,,,,,,,,,,,,,,,,,,,,,,,,,,,,,,,,,,,
FORM_CODE_NSF,Normal Single Benefit Form (same codes as FORM_CODE),TEXT,,X,,,,,,,,,,,,,,,,,,,,,,,,,,,,,,,,,,,,,,,,,,,,,,,,,,,,,
FORM_CODE_NMF,Normal Married Benefit Form (same codes as FORM_CODE),TEXT,,X,,,,,,,,,,,,,,,,,,,,,,,,,,,,,,,,,,,,,,,,,,,,,,,,,,,,,
LSOPTION,May Customer Elect a Lump Sum from PBGC? This field should always be set to N for all records (PBGC used to allow the payment of non-de minimis lump sums is certain scenarios but this policy has changed).,TEXT,,X,,,,,,,,,,,,,,,,,,,,,,,,,,,,,,,,,,,,,,,,,,,,,,,,,,,,,
BS_IND,"Benefit Statement Indicator - Y or R statement can be generated in BSRS/BET program (N is assumed if not populated).  The header on the BD statement and worksheet generated through either individual or bulk processing will include the work ""Revised"" when the field is populated with R instead of Y.",TEXT,,X,,,,,,,,,,,,,,,,,,,,,,,,,,,,,,,,,,,,,,,,,,,,,,,,,,,,,
BR_IND,Benefit Recalculation Indicator - Y recalculation/calculation can be generated in BSRS/BET program (N is assumed if not populated).,TEXT,,X,,,,,,,,,,,,,,,,,,,,,,,,,,,,,,,,,,,,,,,,,,,,,,,,,,,,,
SPC_VAL,"Survivor Percent of Primary Level Life XRD Benefit Form (enter as decimal, e.g. 0.5 not 50).  This field is required if FORM_CODE = 0, 8, 9, A, B, C, D, E, F, G, or H.",NUMBER,,X,,,,,,,,,,,,,,,,,,,,,,,,,,,,,,,,,,,,,,,,,,,,,,,,,,,,,
SPCNSF,"Survivor Percent of Normal Single Benefit Form (0 <= SPC_NSF <= 1, This field is required if FORM_CODE _NSF= 0, 8, 9, A, B, C, D, E, F, G, or H)",NUMBER,,X,,,,,,,,,,,,,,,,,,,,,,,,,,,,,,,,,,,,,,,,,,,,,,,,,,,,,
SPCNMF,"Survivor Percent of Normal Married Benefit Form (0 <= SPC_NMF <= 1, This field is required if FORM_CODE _NMF= 0, 8, 9, A, B, C, D, E, F, G, or H) ",NUMBER,,X,,,,,,,,,,,,,,,,,,,,,,,,,,,,,,,,,,,,,,,,,,,,,,,,,,,,,
MTHS,"Original Number of Months Certain in the Primary Level Life XRD Benefit Form (This field is required if FORM_CODE = 1, 4, 5, 6, A, B, C, D, or E)",NUMBER,,X,,,,,,,,,,,,,,,,,,,,,,,,,,,,,,,,,,,,,,,,,,,,,,,,,,,,,
MTHSREM,Number of Months Remaining in Certain Period at DOPT,NUMBER,,X,,,,,,,,,,,,,,,,,,,,,,,,,,,,,,,,,,,,,,,,,,,,,,,,,,,,,
MTHSNSF,"Original Number of Months Certain in the Normal Single Benefit Form (This field is required if FORM_CODE _NSF= 1, 4, 5, 6, A, B, C, D, or E)",NUMBER,,X,,,,,,,,,,,,,,,,,,,,,,,,,,,,,,,,,,,,,,,,,,,,,,,,,,,,,
MTHSNMF,"Original Number of Months Certain in the Normal Married Benefit Form (This field is required if FORM_CODE _NS\MF= 1, 4, 5, 6, A, B, C, D, or E)",NUMBER,,X,,,,,,,,,,,,,,,,,,,,,,,,,,,,,,,,,,,,,,,,,,,,,,,,,,,,,
FORM_DESC,"Form of Annuity Description for Primary Level Life XRD Valuation Benefit (SLA, ## YRS CER, ## C&C, ## YRS TMP, J&###%S, etc) ",TEXT,,X,,,,,,,,,,,,,,,,,,,,,,,,,,,,,,,,,,,,,,,,,,,,,,,,,,,,,
BL,"Benefit Level for XRA Purposes (HIGH, MED, LOW, IMM, or NA)",TEXT,,X,,,,,,,,,,,,,,,,,,,,,,,,,,,,,,,,,,,,,,,,,,,,,,,,,,,,,
MANDC,Mandatory Contributions WITHOUT Interest at DOPT,NUMBER,X,,,,,,,,,,,,,,,,,,,,,,,,,,,,,,,,,,,,,,,,,,,,,,,,,,,,,,
MANDCWI,Mandatory Contributions With Interest at DOPT,NUMBER,X,,,,,,,,,,,,,,,,,,,,,,,,,,,,,,,,,,,,,,,,,,,,,,,,,,,,,,
ACOMP,cover,NUMBER,,X,,,,,,,,,,,,,,,,,,,,,,,,,,,,,,,,,,,,,,,,,,,,,,,,,,,,,
CUCOMP,"Current Monthly Compensation - Salary, Earnings, etc.",NUMBER,X,,,,,,,,,,,,,,,,,,,,,,,,,,,,,,,,,,,,,,,,,,,,,,,,,,,,,,
PSAL,Annual Salary Used for PIA Estimate Calculations,NUMBER,,X,,,,,,,,,,,,,,,,,,,,,,,,,,,,,,,,,,,,,,,,,,,,,,,,,,,,,
IACT,"Indicator of correct Social Security Act (SSA) (Input for AME, BAPPVRA and PIASSNRA add-in functions. Valid values are A to L - A is for act in effect at DOTE)",TEXT,,X,,,,,,,,,,,,,,,,,,,,,,,,,,,,,,,,,,,,,,,,,,,,,,,,,,,,,
IOASDI,"Social Security Benefit Type Indicator (Input for AME, BAPPVRA and PIASSNRA add-in functions. A = Old Age; B = Widow(er)'s; C = Disability) ",TEXT,,X,,,,,,,,,,,,,,,,,,,,,,,,,,,,,,,,,,,,,,,,,,,,,,,,,,,,,
VRAYRS,"Age (in years) at which the Social Security Offset is Calculated (Input for AME, BAPPVRA and PIASSNRA add-in functions) ",NUMBER,,X,,,,,,,,,,,,,,,,,,,,,,,,,,,,,,,,,,,,,,,,,,,,,,,,,,,,,
VRAMOS,"Age (in months) at which the Social Security Offset is Calculated (Input for AME, BAPPVRA and PIASSNRA add-in functions) ",NUMBER,,X,,,,,,,,,,,,,,,,,,,,,,,,,,,,,,,,,,,,,,,,,,,,,,,,,,,,,
VRAORAA,"Attained Age Indicator (Input for AME, BAPPVRA and PIASSNRA add-in functions. Valid values are A and B) ",TEXT,,X,,,,,,,,,,,,,,,,,,,,,,,,,,,,,,,,,,,,,,,,,,,,,,,,,,,,,
AME,Average Monthly Earnings-Indexed or Un-indexed as defined by SSA (Result generated by AME add-in function). Field also used in non-SSO plans to hold Average Monthly Earnings as defined in the plan,NUMBER,,X,,,,,,,,,,,,,,,,,,,,,,,,,,,,,,,,,,,,,,,,,,,,,,,,,,,,,
BAPPVRA,Calculated Benefit Payable by Social Security (Result generated by BAPPVRA add-in function).,NUMBER,,X,,,,,,,,,,,,,,,,,,,,,,,,,,,,,,,,,,,,,,,,,,,,,,,,,,,,,
PIASSNRA,Calculated Primary Insurance Amount (Result generated by PIASSNRA add-in function). ,NUMBER,,X,,,,,,,,,,,,,,,,,,,,,,,,,,,,,,,,,,,,,,,,,,,,,,,,,,,,,
PIA,Primary Insurance Amount (from Plan Administrator),NUMBER,X,,,,,,,,,,,,,,,,,,,,,,,,,,,,,,,,,,,,,,,,,,,,,,,,,,,,,,
CSPA,Plan Administrator's Credited (Benefit) Service at DOTE,NUMBER,X,,,,,,,,,,,,,,,,,,,,,,,,,,,,,,,,,,,,,,,,,,,,,,,,,,,,,,
VSPA,Plan Administrator's Vesting Service at DOTE,NUMBER,X,,,,,,,,,,,,,,,,,,,,,,,,,,,,,,,,,,,,,,,,,,,,,,,,,,,,,,
ESPA,Plan Administrator's Plan Eligibility Service at DOTE,NUMBER,X,,,,,,,,,,,,,,,,,,,,,,,,,,,,,,,,,,,,,,,,,,,,,,,,,,,,,,
TSERV,Total Years of Service at DOTE,NUMBER,,X,,,,,,,,,,,,,,,,,,,,,,,,,,,,,,,,,,,,,,,,,,,,,,,,,,,,,
PSERV,Past Years of Service at DOTE,NUMBER,,X,,,,,,,,,,,,,,,,,,,,,,,,,,,,,,,,,,,,,,,,,,,,,,,,,,,,,
FSERV,Future Years of Service at DOTE,NUMBER,,X,,,,,,,,,,,,,,,,,,,,,,,,,,,,,,,,,,,,,,,,,,,,,,,,,,,,,
CS,Years of Credited (Benefit) Service at DOTE,NUMBER,,X,,,,,,,,,,,,,,,,,,,,,,,,,,,,,,,,,,,,,,,,,,,,,,,,,,,,,
ES,Years of Eligibility Service at DOTE,NUMBER,,X,,,,,,,,,,,,,,,,,,,,,,,,,,,,,,,,,,,,,,,,,,,,,,,,,,,,,
VS,Years of Vesting Service at DOTE,NUMBER,,X,,,,,,,,,,,,,,,,,,,,,,,,,,,,,,,,,,,,,,,,,,,,,,,,,,,,,
VP,"Participant's Vesting Percent at DOTE (Enter as fraction, e.g. 1 not 100) (Calculate according to plan provisions. This may be 0% even if participant gets bftbenefit in Priority Category (PC) 2 or PC6.) ",NUMBER,,X,,,,,,,,,,,,,,,,,,,,,,,,,,,,,,,,,,,,,,,,,,,,,,,,,,,,,
YOP,Years of Participation at DOTE,NUMBER,,X,,,,,,,,,,,,,,,,,,,,,,,,,,,,,,,,,,,,,,,,,,,,,,,,,,,,,
BR,Benefit Rate at DOTE,NUMBER,,X,,,,,,,,,,,,,,,,,,,,,,,,,,,,,,,,,,,,,,,,,,,,,,,,,,,,,
AMB,Accrued Monthly Benefit at DOTE,NUMBER,,X,,,,,,,,,,,,,,,,,,,,,,,,,,,,,,,,,,,,,,,,,,,,,,,,,,,,,
VB,Vested Monthly Benefit in the Normal Single Form (NSF) at NRA at DOTE (before PBGC Limitations) ,NUMBER,,X,,,,,,,,,,,,,,,,,,,,,,,,,,,,,,,,,,,,,,,,,,,,,,,,,,,,,
VBNF,Vested Monthly Benefit in the Automatic Form (unless valid pre-DOPT election) at NRA at DOTE (before PBGC Limitations) ,NUMBER,,X,,,,,,,,,,,,,,,,,,,,,,,,,,,,,,,,,,,,,,,,,,,,,,,,,,,,,
MAXLIM_DOPT,"PBGC Maximum Insurance Limitation  (MIL) Dollar Amount Payable at Age 65 as a Straight Life Annuity based on DOPT, or BPD if applicable;  MIL Dollar Limitation or Salary Limitation, whichever is smaller ",NUMBER,,X,,,,,,,,,,,,,,,,,,,,,,,,,,,,,,,,,,,,,,,,,,,,,,,,,,,,,
MAXLIM_XRD,"PBGC Maximum Insurance Limitation  Guaranteed Benefit (MGB) of  at XRD, DOPT, or BPD, whichever is applicable ( Benefit After Adjustment for Benefit Form and Starting Date  Age)",NUMBER,,X,,,,,,,,,,,,,,,,,,,,,,,,,,,,,,,,,,,,,,,,,,,,,,,,,,,,,
POPLIM,"XRD/DOR Benefit Limit (XRD/DOR Benefit Limiting Value. Example: Often Accrued at Normal Limits J&S Popup when supplement is paying) 
If the participant retired after DOPT with a J&S Popup, POPLIM should be populated with the DOR benefit limit and otherwise the XRD benefit limit.",NUMBER,,X,,,,,,,,,,,,,,,,,,,,,,,,,,,,,,,,,,,,,,,,,,,,,,,,,,,,,
BFCF_XRD,XRD Benefit Form Conversion Factor,NUMBER,,X,,,,,,,,,,,,,,,,,,,,,,,,,,,,,,,,,,,,,,,,,,,,,,,,,,,,,
BFCF_XRD_MAXLIM,PBGC XRD Benefit Form Conversion Factor for MGB calculations,NUMBER,,X,,,,,,,,,,,,,,,,,,,,,,,,,,,,,,,,,,,,,,,,,,,,,,,,,,,,,
ME_ERD,Number of Months Early at BDERDLEV (PBGC earliest commencement date at BD issuance),NUMBER,,X,,,,,,,,,,,,,,,,,,,,,,,,,,,,,,,,,,,,,,,,,,,,,,,,,,,,,
ERF_ERD,Early Retirement Factor at BDERDLEV (PBGC earliest commencement date at BD issuance),NUMBER,,X,,,,,,,,,,,,,,,,,,,,,,,,,,,,,,,,,,,,,,,,,,,,,,,,,,,,,
ME_XRD,Number of Months Early at XRD,NUMBER,,X,,,,,,,,,,,,,,,,,,,,,,,,,,,,,,,,,,,,,,,,,,,,,,,,,,,,,
ERF_XRD,Early Retirement Factor at XRD,NUMBER,,X,,,,,,,,,,,,,,,,,,,,,,,,,,,,,,,,,,,,,,,,,,,,,,,,,,,,,
ME_XRD_MAXLIM,Number of Complete Months Early at XRD for MGB Calculation,NUMBER,,X,,,,,,,,,,,,,,,,,,,,,,,,,,,,,,,,,,,,,,,,,,,,,,,,,,,,,
ERF_XRD_MAXLIM,Early Retirement Factor at XRD for MGB Calculation,NUMBER,,X,,,,,,,,,,,,,,,,,,,,,,,,,,,,,,,,,,,,,,,,,,,,,,,,,,,,,
ML_XRD,Number of Months Late at XRD,NUMBER,,X,,,,,,,,,,,,,,,,,,,,,,,,,,,,,,,,,,,,,,,,,,,,,,,,,,,,,
LRF_XRD,Late Retirement Factor at XRD,NUMBER,,X,,,,,,,,,,,,,,,,,,,,,,,,,,,,,,,,,,,,,,,,,,,,,,,,,,,,,
ML_XRD_MAXLIM,Number of Months Late at XRD for MGB Calculation,NUMBER,,X,,,,,,,,,,,,,,,,,,,,,,,,,,,,,,,,,,,,,,,,,,,,,,,,,,,,,
LRF_XRD_MAXLIM,Late Retirement Factor at XRD for MGB Calculation,NUMBER,,X,,,,,,,,,,,,,,,,,,,,,,,,,,,,,,,,,,,,,,,,,,,,,,,,,,,,,
JSPOPUP,"Termination J&S Popup Benefit at XRD (this is the amount that the benefit pops up not the amount it pops up to)
If the participant retired after DOPT with a J&S Popup, JSPOPUP should be populated with the DOR popup amount and otherwise the XRD popup amount.",NUMBER,,X,,,,,,,,,,,,,,,,,,,,,,,,,,,,,,,,,,,,,,,,,,,,,,,,,,,,,
COLA,COLA Indicator (000=No COLA) (No longer used) ,TEXT,,X,,,,,,,,,,,,,,,,,,,,,,,,,,,,,,,,,,,,,,,,,,,,,,,,,,,,,
PVF_LEV,"PBGC Present Value Factor for XRD_MB_TERM (For pre November, 1993 valuations, see Federal Register September 28, 1993)
Because we started using a different basis for annuity and lump sum present value factors in November, 1993, this field is generally no longer used. ",NUMBER,,X,,,,,,,,,,,,,,,,,,,,,,,,,,,,,,,,,,,,,,,,,,,,,,,,,,,,,
PVF_LEV_LS,PBGC Present Value Factor using Lump Sum Assumptions for Primary Level Life XRD Beenfit,NUMBER,,X,,,,,,,,,,,,,,,,,,,,,,,,,,,,,,,,,,,,,,,,,,,,,,,,,,,,,
PVF_LEV_ANN,PBGC Present Value Factor using Annuity Assumptions for Primary Level Life XRD Benefit ,NUMBER,,X,,,,,,,,,,,,,,,,,,,,,,,,,,,,,,,,,,,,,,,,,,,,,,,,,,,,,
PVFJSPOP,PBGC Present Value Factor using Annuity Assumptions for XRD JSPOPUP benefit,NUMBER,,X,,,,,,,,,,,,,,,,,,,,,,,,,,,,,,,,,,,,,,,,,,,,,,,,,,,,,
PVPBC,Present Value of Plan Benefit Commitments (for SEPPAA Plans - this field is not used for current valuation work),NUMBER,,X,,,,,,,,,,,,,,,,,,,,,,,,,,,,,,,,,,,,,,,,,,,,,,,,,,,,,
PVPBL_LS_RATES,"Present Value of Plan Benefit Liabilities (through PC6, rounded) using lump sum assumptions",NUMBER,,X,,,,,,,,,,,,,,,,,,,,,,,,,,,,,,,,,,,,,,,,,,,,,,,,,,,,,
PVPBL_ANN_RATES,"Present Value of Plan Benefit Liabilities (through PC6, rounded) using annuity assumptions",NUMBER,,X,,,,,,,,,,,,,,,,,,,,,,,,,,,,,,,,,,,,,,,,,,,,,,,,,,,,,
PVRETEEC,Present Value of Elected Return of Employee Contributions (LS_TERM minus PVRETEEC must equal the residual lump sum value which is the lump sum value of the employer provided benefit),NUMBER,,X,,,,,,,,,,,,,,,,,,,,,,,,,,,,,,,,,,,,,,,,,,,,,,,,,,,,,
AUX_DIS_BEN,Termination Monthly Disability Benefit Payable Prior to Aux_Dis_Change_DATE [= $0 if Benefit Amount cannot change under plan provisions] ,NUMBER,,X,,,,,,,,,,,,,,,,,,,,,,,,,,,,,,,,,,,,,,,,,,,,,,,,,,,,,
AUX_DIS_CHANGE_DATE,"Date on Which Participant Starts Receiving Non-Disability Benefit, usually same as NRD",DATE/TIME,,X,,,,,,,,,,,,,,,,,,,,,,,,,,,,,,,,,,,,,,,,,,,,,,,,,,,,,
QPSA_COVG_MONTHS,Number of months of Qualified Pre-retirement Survivor Annuity (QPSA) coverage prior to DOPT,NUMBER,,X,,,,,,,,,,,,,,,,,,,,,,,,,,,,,,,,,,,,,,,,,,,,,,,,,,,,,
QPSAF,Factor for pre-DOPT QPSA charge.,NUMBER,,X,,,,,,,,,,,,,,,,,,,,,,,,,,,,,,,,,,,,,,,,,,,,,,,,,,,,,
ACC_QPSA_CHGS,Accumulated pre-DOPT QPSA charges (for example QPSA_Covg_Months * QPSAF) ,NUMBER,,X,,,,,,,,,,,,,,,,,,,,,,,,,,,,,,,,,,,,,,,,,,,,,,,,,,,,,
PA_QPSAF,Plan administrator's QPSA factor.,NUMBER,X,,,,,,,,,,,,,,,,,,,,,,,,,,,,,,,,,,,,,,,,,,,,,,,,,,,,,,
QPSA_PVF,PBGC Present Value Factor for the QPSA,NUMBER,,X,,,,,,,,,,,,,,,,,,,,,,,,,,,,,,,,,,,,,,,,,,,,,,,,,,,,,
XRD_MB_QPSA_TERM,"QPSA XRD Termination Monthly Benefit - only needs to be populated for deferred records that are being valued as married.
For participant records for which the participant died after DOPT and the lump sum value is greater than $5,000 and there is actual surviving spouse data available and the surviving spouse is still deferred the amount in this field gets populated into the XRD_MB_TERM field of the beneficiary record created by Data Validation which is then loaded to Genesis.",NUMBER,,X,,,,,,,,,,,,,,,,,,,,,,,,,,,,,,,,,,,,,,,,,,,,,,,,,,,,,
ANNUITY_STATUS_VAL,"According to the valuation classification, is participant an annuity (A) or lump sum (L) status Participant? (this is only used for cases with DOPT's on or after 1/01/1993 and before 05/01/2000)",TEXT,,X,,,,,,,,,,,,,,,,,,,,,,,,,,,,,,,,,,,,,,,,,,,,,,,,,,,,,
ANNUITY_STATUS_PAY,"For payment purposes, is participant an annuity (A) or lump sum (L) status participant?",TEXT,,X,,,,,,,,,,,,,,,,,,,,,,,,,,,,,,,,,,,,,,,,,,,,,,,,,,,,,
RETRO_EURD_IND,"Indicator to specify if participant is eligible for early unreduced benefits prior to NRA. 0 = No eligibility for unreduced benefits before NRA, 1 = A plan-defined early unreduced benefit is available, 2 = No plan-defined early unreduced benefits are available, but the participant may effectively be able to receive unreduced benefits prior to NRA due to phase-in, 3 = No plan-defined early unreduced benefits are available, but the participant may effectively be able to receive unreduced benefits prior to NRA because his funded PC3 benefit is larger than his guaranteed benefit. 4 = There is both a plan-defined early unreduced benefit and a possibility of receiving an unreduced early benefit due to phase-in or a PC3 allocation. (Add codes as necessary)",TEXT,,X,,,,,,,,,,,,,,,,,,,,,,,,,,,,,,,,,,,,,,,,,,,,,,,,,,,,,
ONE_YEAR_BIS_IND,Did the participant incur a one year break in service in the last plan year prior to DOPT (Y/N)?,TEXT,,X,,,,,,,,,,,,,,,,,,,,,,,,,,,,,,,,,,,,,,,,,,,,,,,,,,,,,
DEEMED_CASHED,Was the participant deemed to be cashed out prior to DOPT (Y/N)?,TEXT,,X,,,,,,,,,,,,,,,,,,,,,,,,,,,,,,,,,,,,,,,,,,,,,,,,,,,,,
PC2_LEVEL_MB,Primary Level Life XRD PC2 monthly benefit ,NUMBER,,X,,,,,,,,,,,,,,,,,,,,,,,,,,,,,,,,,,,,,,,,,,,,,,,,,,,,,
PC3_LEVEL_MB,Primary Level Life XRD PC3 monthly benefit ,NUMBER,,X,,,,,,,,,,,,,,,,,,,,,,,,,,,,,,,,,,,,,,,,,,,,,,,,,,,,,
PC4_LEVEL_MB,Primary Level Life XRD PC4 monthly benefit ,NUMBER,,X,,,,,,,,,,,,,,,,,,,,,,,,,,,,,,,,,,,,,,,,,,,,,,,,,,,,,
PC4A_LEVEL_MB,"Primary Level Life XRD PC4B monthly benefit (for substantial owners, majority owners, or benefits reduced by PBGC’s Aggregate Maximum limitation) ",NUMBER,,X,,,,,,,,,,,,,,,,,,,,,,,,,,,,,,,,,,,,,,,,,,,,,,,,,,,,,
PC4B_LEVEL_MB,"Primary Level Life XRD PC4B monthly benefit (for substantial owners, majority owners, or benefits reduced by PBGC’s Aggregate Maximum limitation) ",NUMBER,,X,,,,,,,,,,,,,,,,,,,,,,,,,,,,,,,,,,,,,,,,,,,,,,,,,,,,,
PC5_LEVEL_MB,Total Primary Level Life XRD PC5 monthly benefit,NUMBER,,X,,,,,,,,,,,,,,,,,,,,,,,,,,,,,,,,,,,,,,,,,,,,,,,,,,,,,
PC6_LEVEL_MB,Primary Level Life XRD PC6 monthly benefit ,NUMBER,,X,,,,,,,,,,,,,,,,,,,,,,,,,,,,,,,,,,,,,,,,,,,,,,,,,,,,,
XRD_MB_TITLE_IV,Primary Level Life XRD Title IV monthly benefit ,NUMBER,,X,,,,,,,,,,,,,,,,,,,,,,,,,,,,,,,,,,,,,,,,,,,,,,,,,,,,,
XRD_MB_4022C,Primary Level Life XRD 4022(c) monthly benefit ,NUMBER,,X,,,,,,,,,,,,,,,,,,,,,,,,,,,,,,,,,,,,,,,,,,,,,,,,,,,,,
XRD_MB_TERM,Primary Level Life XRD Termination monthly benefit ,NUMBER,,X,,,,,,,,,,,,,,,,,,,,,,,,,,,,,,,,,,,,,,,,,,,,,,,,,,,,,
ERD_MB_TITLE_IV_NSF,Primary Level Life ERD Title IV Monthly Benefit in the NSF,NUMBER,,X,,,,,,,,,,,,,,,,,,,,,,,,,,,,,,,,,,,,,,,,,,,,,,,,,,,,,
ERD_MB_4022C_NSF,Primary Level Life ERD 4022(c) Monthly Benefit in the NSF,NUMBER,,X,,,,,,,,,,,,,,,,,,,,,,,,,,,,,,,,,,,,,,,,,,,,,,,,,,,,,
TERM_MB_ERD_NSF,Primary Level Life ERD Termination Monthly Benefit in the NSF,NUMBER,,X,,,,,,,,,,,,,,,,,,,,,,,,,,,,,,,,,,,,,,,,,,,,,,,,,,,,,
EURD_MB_TITLE_IV_NSF,Primary Level Life EURD Title IV Monthly Benefit in the NSF,NUMBER,,X,,,,,,,,,,,,,,,,,,,,,,,,,,,,,,,,,,,,,,,,,,,,,,,,,,,,,
EURD_MB_4022C_NSF,Primary Level Life EURD 4022(c) Monthly Benefit in the NSF,NUMBER,,X,,,,,,,,,,,,,,,,,,,,,,,,,,,,,,,,,,,,,,,,,,,,,,,,,,,,,
TERM_MB_EURD_NSF,Primary Level Life EURD Termination Monthly Benefit in the NSF,NUMBER,,X,,,,,,,,,,,,,,,,,,,,,,,,,,,,,,,,,,,,,,,,,,,,,,,,,,,,,
NRD_MB_TITLE_IV_NSF,Primary Level Life NRD Title IV Monthly Benefit in the NSF,NUMBER,,X,,,,,,,,,,,,,,,,,,,,,,,,,,,,,,,,,,,,,,,,,,,,,,,,,,,,,
NRD_MB_4022C_NSF,Primary Level Life NRD 4022(c) Monthly Benefit in the NSF,NUMBER,,X,,,,,,,,,,,,,,,,,,,,,,,,,,,,,,,,,,,,,,,,,,,,,,,,,,,,,
TERM_MB_NRD_NSF,Primary Level Life NRD Termination Monthly Benefit in the NSF,NUMBER,,X,,,,,,,,,,,,,,,,,,,,,,,,,,,,,,,,,,,,,,,,,,,,,,,,,,,,,
PC1_4044_AR,4044 Asset allocation ratio for PC1,NUMBER,,X,,,,,,,,,,,,,,,,,,,,,,,,,,,,,,,,,,,,,,,,,,,,,,,,,,,,,
PC2_4044_AR,4044 Asset allocation ratio for PC2,NUMBER,,X,,,,,,,,,,,,,,,,,,,,,,,,,,,,,,,,,,,,,,,,,,,,,,,,,,,,,
PC3_BAS_4044_AR,4044 Asset allocation ratio for PC3 basic,NUMBER,,X,,,,,,,,,,,,,,,,,,,,,,,,,,,,,,,,,,,,,,,,,,,,,,,,,,,,,
PC3_NBAS_4044_AR,4044 Asset allocation ratio for PC3 non-basic,NUMBER,,X,,,,,,,,,,,,,,,,,,,,,,,,,,,,,,,,,,,,,,,,,,,,,,,,,,,,,
PC4B_4044_AR,4044 Asset allocation ratio for PC4B,NUMBER,,X,,,,,,,,,,,,,,,,,,,,,,,,,,,,,,,,,,,,,,,,,,,,,,,,,,,,,
PC5_4044_AR,4044 Asset allocation ratio for PC5,NUMBER,,X,,,,,,,,,,,,,,,,,,,,,,,,,,,,,,,,,,,,,,,,,,,,,,,,,,,,,
PC6_4044_AR,4044 Asset allocation ratio for PC6,NUMBER,,X,,,,,,,,,,,,,,,,,,,,,,,,,,,,,,,,,,,,,,,,,,,,,,,,,,,,,
PC1_4022C_AR,4022(c) Asset allocation ratio for PC1,NUMBER,,X,,,,,,,,,,,,,,,,,,,,,,,,,,,,,,,,,,,,,,,,,,,,,,,,,,,,,
PC2_4022C_AR,4022(c) Asset allocation ratio for PC2,NUMBER,,X,,,,,,,,,,,,,,,,,,,,,,,,,,,,,,,,,,,,,,,,,,,,,,,,,,,,,
PC3_BAS_4022C_AR,4022(c) Asset allocation ratio for PC3 basic,NUMBER,,X,,,,,,,,,,,,,,,,,,,,,,,,,,,,,,,,,,,,,,,,,,,,,,,,,,,,,
PC3_NBAS_4022C_AR,4022(c) Asset allocation ratio for PC3 non-basic,NUMBER,,X,,,,,,,,,,,,,,,,,,,,,,,,,,,,,,,,,,,,,,,,,,,,,,,,,,,,,
PC4B_4022C_AR,4022(c) Asset allocation ratio for PC4B,NUMBER,,X,,,,,,,,,,,,,,,,,,,,,,,,,,,,,,,,,,,,,,,,,,,,,,,,,,,,,
PC5_4022C_AR,4022(c) Asset allocation ratio for PC5,NUMBER,,X,,,,,,,,,,,,,,,,,,,,,,,,,,,,,,,,,,,,,,,,,,,,,,,,,,,,,
PC6_4022C_AR,4022(c) Asset allocation ratio for PC6,NUMBER,,X,,,,,,,,,,,,,,,,,,,,,,,,,,,,,,,,,,,,,,,,,,,,,,,,,,,,,
PC2_ANNUITY_PVMB,"Present Value of PC2 Annuity Benefit Without Expense Load
(Equals Mandatory Employee Contributions with Interest at DOPT (MANDCWI) if employee elects to withdraw contributions. Otherwise, equals present value an of annuity derived from mandatory employee contributions using (PBGC) annuity assumptions)",NUMBER,,X,,,,,,,,,,,,,,,,,,,,,,,,,,,,,,,,,,,,,,,,,,,,,,,,,,,,,
PC2_LOAD_PVMB,PC2 expense load,NUMBER,,X,,,,,,,,,,,,,,,,,,,,,,,,,,,,,,,,,,,,,,,,,,,,,,,,,,,,,
PC2_LSDB_PVMB,"Present value of PC2 lump sum death benefit Without Expense Load (not the same as QPSA). Equals, MANDCWI x probability of death before XRD, minus PV of PC2 QPSA) ",NUMBER,,X,,,,,,,,,,,,,,,,,,,,,,,,,,,,,,,,,,,,,,,,,,,,,,,,,,,,,
PC2_NONBASIC_PVMB,Present Value of PC2 Non-Basic Benefit Without Expense Load (The portion of PC2 which is not guaranteed and is only payable to the extent covered by assets.) ,NUMBER,,X,,,,,,,,,,,,,,,,,,,,,,,,,,,,,,,,,,,,,,,,,,,,,,,,,,,,,
PC2_TOTAL_PV,Total Present Value of PC2,NUMBER,,X,,,,,,,,,,,,,,,,,,,,,,,,,,,,,,,,,,,,,,,,,,,,,,,,,,,,,
PC3_BAS_ANNUITY_PVMB,Present value of PC3 (basic) annuity benefit Without Expense Load ,NUMBER,,X,,,,,,,,,,,,,,,,,,,,,,,,,,,,,,,,,,,,,,,,,,,,,,,,,,,,,
PC3_NBAS_ANNUITY_PVMB,Present value of PC3 (non-basic) annuity benefit Without Expense Load,NUMBER,,X,,,,,,,,,,,,,,,,,,,,,,,,,,,,,,,,,,,,,,,,,,,,,,,,,,,,,
PC3_QPSA_PVMB,Present value of PC3 QPSA benefit Without Expense Load,NUMBER,,X,,,,,,,,,,,,,,,,,,,,,,,,,,,,,,,,,,,,,,,,,,,,,,,,,,,,,
PC3_BAS_LOAD_PVMB,PC3 (basic) expense load,NUMBER,,X,,,,,,,,,,,,,,,,,,,,,,,,,,,,,,,,,,,,,,,,,,,,,,,,,,,,,
PC3_NBAS_LOAD_PVMB,PC3 (non-basic)  expense load,NUMBER,,X,,,,,,,,,,,,,,,,,,,,,,,,,,,,,,,,,,,,,,,,,,,,,,,,,,,,,
PC3_TOTAL_PV,Total Present Value of PC3,NUMBER,,X,,,,,,,,,,,,,,,,,,,,,,,,,,,,,,,,,,,,,,,,,,,,,,,,,,,,,
PC4_ANNUITY_PVMB,Present value of PC4 Annuity benefit Without Expense Load,NUMBER,,X,,,,,,,,,,,,,,,,,,,,,,,,,,,,,,,,,,,,,,,,,,,,,,,,,,,,,
PC4_QPSA_PVMB,Present value of PC4 QPSA benefit Without Expense Load,NUMBER,,X,,,,,,,,,,,,,,,,,,,,,,,,,,,,,,,,,,,,,,,,,,,,,,,,,,,,,
PC4_LOAD_PVMB,PC4 expense load,NUMBER,,X,,,,,,,,,,,,,,,,,,,,,,,,,,,,,,,,,,,,,,,,,,,,,,,,,,,,,
PC4_LSDB_PVMB,Present value of PC4 lump sum death benefit,NUMBER,,X,,,,,,,,,,,,,,,,,,,,,,,,,,,,,,,,,,,,,,,,,,,,,,,,,,,,,
PC4A_ANNUITY_PVMB,"Present value of PC4A Annuity benefit Without Expense Load (for substantial or majority owners, or participant benefits reduced for PBGC’s Aggregate Maximum limitation) ",NUMBER,,X,,,,,,,,,,,,,,,,,,,,,,,,,,,,,,,,,,,,,,,,,,,,,,,,,,,,,
PC4A_QPSA_PVMB,"Present value of PC4A QPSA benefit Without Expense Load (for substantial or majority owners, or participant benefits reduced for PBGC’s Aggregate Maximum limitation) ",NUMBER,,X,,,,,,,,,,,,,,,,,,,,,,,,,,,,,,,,,,,,,,,,,,,,,,,,,,,,,
PC4A_LOAD_PVMB,"PC4A expense load (for substantial or majority owners), or participant benefits reduced for PBGC’s Aggregate Maximum limitation) ",NUMBER,,X,,,,,,,,,,,,,,,,,,,,,,,,,,,,,,,,,,,,,,,,,,,,,,,,,,,,,
PC4A_LSDB_PVMB,"Present Value PV of PC4A lump sum death benefit (for substantial or majority owners, or participant benefits reduced for PBGC’s Aggregate Maximum limitation)",NUMBER,,X,,,,,,,,,,,,,,,,,,,,,,,,,,,,,,,,,,,,,,,,,,,,,,,,,,,,,
PC4B_ANNUITY_PVMB,"Present value of PC4B Annuity benefit Without Expense Load (for substantial or majority  owners, or participant benefits reduced for PBGC’s Aggegrate Maximum limitation) ",NUMBER,,X,,,,,,,,,,,,,,,,,,,,,,,,,,,,,,,,,,,,,,,,,,,,,,,,,,,,,
PC4B_QPSA_PVMB,"Present value of PC4B QPSA benefit Without Expense Load (for substantial or majority  owners, or participant benefits reduced fro PBGC’s Aggregate Maximum limitation) ",NUMBER,,X,,,,,,,,,,,,,,,,,,,,,,,,,,,,,,,,,,,,,,,,,,,,,,,,,,,,,
PC4B_LOAD_PVMB,"PC4B expense load (for substantial or majority owners, or participant benefits reduced for PBGC’s Aggregate Maximum limitation) ",NUMBER,,X,,,,,,,,,,,,,,,,,,,,,,,,,,,,,,,,,,,,,,,,,,,,,,,,,,,,,
PC4B_LSDB_PVMB,PV of PC4B lump sum death benefit (for substantial or majority owners. Oor participant benefits reduced for PBGC’s Aggregate Maximum limitationiton) ,NUMBER,,X,,,,,,,,,,,,,,,,,,,,,,,,,,,,,,,,,,,,,,,,,,,,,,,,,,,,,
PC4_TOTAL_PV,Total Present Value of PC4,NUMBER,,X,,,,,,,,,,,,,,,,,,,,,,,,,,,,,,,,,,,,,,,,,,,,,,,,,,,,,
PC5_ANNUITY_PVMB,Present value of PC5 Annuity benefit Without Expense Load,NUMBER,,X,,,,,,,,,,,,,,,,,,,,,,,,,,,,,,,,,,,,,,,,,,,,,,,,,,,,,
PC5_QPSA_PVMB,Present value of PC5 QPSA benefit Without Expense Load,NUMBER,,X,,,,,,,,,,,,,,,,,,,,,,,,,,,,,,,,,,,,,,,,,,,,,,,,,,,,,
PC5_LOAD_PVMB,PC5 expense load,NUMBER,,X,,,,,,,,,,,,,,,,,,,,,,,,,,,,,,,,,,,,,,,,,,,,,,,,,,,,,
PC5_LSDB_PVMB,Present value of PC5 lump sum death benefit Without Expense Load,NUMBER,,X,,,,,,,,,,,,,,,,,,,,,,,,,,,,,,,,,,,,,,,,,,,,,,,,,,,,,
PC5_TOTAL_PV,Total Present Value of PC5,NUMBER,,X,,,,,,,,,,,,,,,,,,,,,,,,,,,,,,,,,,,,,,,,,,,,,,,,,,,,,
PC6_ANNUITY_PVMB,Present value of PC6 annuity benefit Without Expense Load,NUMBER,,X,,,,,,,,,,,,,,,,,,,,,,,,,,,,,,,,,,,,,,,,,,,,,,,,,,,,,
PC6_QPSA_PVMB,Present value of PC6 QPSA benefit Without Expense Load,NUMBER,,X,,,,,,,,,,,,,,,,,,,,,,,,,,,,,,,,,,,,,,,,,,,,,,,,,,,,,
PC6_LOAD_PVMB,PC6 expense load,NUMBER,,X,,,,,,,,,,,,,,,,,,,,,,,,,,,,,,,,,,,,,,,,,,,,,,,,,,,,,
PC6_LSDB_PVMB,Present value of PC6 lump sum death benefit Without Expense Load,NUMBER,,X,,,,,,,,,,,,,,,,,,,,,,,,,,,,,,,,,,,,,,,,,,,,,,,,,,,,,
PC6_TOTAL_PV,Total Present Value of PC6,NUMBER,,X,,,,,,,,,,,,,,,,,,,,,,,,,,,,,,,,,,,,,,,,,,,,,,,,,,,,,
TITLE_IV_PV_TOT,Total Present Value for Title IV Benefit (DO NOT USE),NUMBER,,X,,,,,,,,,,,,,,,,,,,,,,,,,,,,,,,,,,,,,,,,,,,,,,,,,,,,,
PV_TOT_4022C,Total Present Value for Title IV Benefit Total Present Value for 4022(c) Benefit (DO NOT USE),NUMBER,,X,,,,,,,,,,,,,,,,,,,,,,,,,,,,,,,,,,,,,,,,,,,,,,,,,,,,,
TERM_PV_TOT,Total Present Value for Termination Benefit (DO NOT USE),NUMBER,,X,,,,,,,,,,,,,,,,,,,,,,,,,,,,,,,,,,,,,,,,,,,,,,,,,,,,,
PVMB_TITLE_IV,Total Present value of Title IV benefit,NUMBER,,X,,,,,,,,,,,,,,,,,,,,,,,,,,,,,,,,,,,,,,,,,,,,,,,,,,,,,
PVMB_4022C,Total Present value of 4022(c) benefit,NUMBER,,X,,,,,,,,,,,,,,,,,,,,,,,,,,,,,,,,,,,,,,,,,,,,,,,,,,,,,
PVMB_TERM,Total Present value of termination benefit,NUMBER,,X,,,,,,,,,,,,,,,,,,,,,,,,,,,,,,,,,,,,,,,,,,,,,,,,,,,,,
LS_TERM,"The 'lump sum discriminator' is the present value of termination benefit, excluding QPSA, using lump sum assumptions (excluding interest from DOPT). ",NUMBER,,X,,,,,,,,,,,,,,,,,,,,,,,,,,,,,,,,,,,,,,,,,,,,,,,,,,,,,
TERM_LW_ANB,Termination liability weighted ANB at DOPT (use SANB if ID = 2),NUMBER,,X,,,,,,,,,,,,,,,,,,,,,,,,,,,,,,,,,,,,,,,,,,,,,,,,,,,,,
TERM_LW_XRA,Termination liability weighted XRA (use SXRA if ID = 2),NUMBER,,X,,,,,,,,,,,,,,,,,,,,,,,,,,,,,,,,,,,,,,,,,,,,,,,,,,,,,
BGFA_PVMB,Present Value of guaranteed benefit funded by plan assets,NUMBER,,X,,,,,,,,,,,,,,,,,,,,,,,,,,,,,,,,,,,,,,,,,,,,,,,,,,,,,
BGNFA_PVMB,Present Value of guaranteed benefit NOT funded by plan assets,NUMBER,,X,,,,,,,,,,,,,,,,,,,,,,,,,,,,,,,,,,,,,,,,,,,,,,,,,,,,,
BNFA_PVMB,Present Value of basic non-guaranteed benefit funded by plan assets,NUMBER,,X,,,,,,,,,,,,,,,,,,,,,,,,,,,,,,,,,,,,,,,,,,,,,,,,,,,,,
BNNFA_PVMB,Present Value of basic non-guaranteed benefit NOT funded by plan assets,NUMBER,,X,,,,,,,,,,,,,,,,,,,,,,,,,,,,,,,,,,,,,,,,,,,,,,,,,,,,,
BNF4_PVMB,Present Value of basic non-guaranteed benefit funded by 4022(c),NUMBER,,X,,,,,,,,,,,,,,,,,,,,,,,,,,,,,,,,,,,,,,,,,,,,,,,,,,,,,
BNNF4_PVMB,Present Value of basic non-guaranteed benefit NOT funded by 4022(c),NUMBER,,X,,,,,,,,,,,,,,,,,,,,,,,,,,,,,,,,,,,,,,,,,,,,,,,,,,,,,
NNFA_PVMB,Present Value of non-basic non-guaranteed benefit funded by plan assets,NUMBER,,X,,,,,,,,,,,,,,,,,,,,,,,,,,,,,,,,,,,,,,,,,,,,,,,,,,,,,
NNNFA_PVMB,Present Value of non-basic non-guaranteed benefit NOT funded by plan assets,NUMBER,,X,,,,,,,,,,,,,,,,,,,,,,,,,,,,,,,,,,,,,,,,,,,,,,,,,,,,,
NNF4_PVMB,Present Value of non-basic non-guaranteed benefit funded by 4022(c),NUMBER,,X,,,,,,,,,,,,,,,,,,,,,,,,,,,,,,,,,,,,,,,,,,,,,,,,,,,,,
NNNF4_PVMB,Present Value of non-basic non-guaranteed benefit NOT funded by 4022(c),NUMBER,,X,,,,,,,,,,,,,,,,,,,,,,,,,,,,,,,,,,,,,,,,,,,,,,,,,,,,,
BEN_TOT,Within Benefit Tolerance Indicator (retiree $5/5% check) (Y/N) ,TEXT,,X,,,,,,,,,,,,,,,,,,,,,,,,,,,,,,,,,,,,,,,,,,,,,,,,,,,,,
BEN_ACCEPT,In-Pay Status Benefit Acceptance Indicator (Y/N),TEXT,,X,,,,,,,,,,,,,,,,,,,,,,,,,,,,,,,,,,,,,,,,,,,,,,,,,,,,,
LOAD_PCT,Expense Load Percentage,NUMBER,,X,,,,,,,,,,,,,,,,,,,,,,,,,,,,,,,,,,,,,,,,,,,,,,,,,,,,,
DATA_ENTRY_STATUS,Data Entry Status values that can only be entered and viewed in BCV_Leo - database building team defines values (e.g. 0 - not complete and 1 - complete),NUMBER,,,,,,,,,,,,,,,,,,,,,,,,,,,,,,,,,,,,,,,,,,,,,,,,,,,,,,,
REVIEW_STATUS,Review Status values that can only be entered and viewed in BCV_Leo - database building team defines values (e.g. 0 - not reviewed and 1 - reviewed),NUMBER,,,,,,,,,,,,,,,,,,,,,,,,,,,,,,,,,,,,,,,,,,,,,,,,,,,,,,,
COMMENTS,Comments that can only be entered and viewed in BCV_Leo.,TEXT,,,,,,,,,,,,,,,,,,,,,,,,,,,,,,,,,,,,,,,,,,,,,,,,,,,,,,,
CUSTOMER_DELETE_FLAG,Deleted record indicator (Y = deleted record).  Note records can only be added or deleted via BCV_Leo.  The system populates this fields when a record is deleted in BCV_Leo.,TEXT,,,,,,,,,,,,,,,,,,,,,,,,,,,,,,,,,,,,,,,,,,,,,,,,,,,,,,,
DATABASE_ID,"Unique system generated BCV database ID (in general each case has one database ID but to support the migration effort, the system does allow for more than one database ID for a case)",NUMBER,,,,,,,,,,,,,,,,,,,,,,,,,,,,,,,,,,,,,,,,,,,,,,,,,,,,,,,
CREATED_BY_USER_ID,User ID for the user who added the record to the database.  This can only be done in BCV_Leo.,TEXT,,,,,,,,,,,,,,,,,,,,,,,,,,,,,,,,,,,,,,,,,,,,,,,,,,,,,,,
AEQ_PP_MORT,Participant Mortality Table Code for NPVF for Plan Actuarial Equivalence Calculations,TEXT,,X,,,,,,,,,,,,,,,,,,,,,,,,,,,,,,,,,,,,,,,,,,,,,,,,,,,,,
AEQ_BE_MORT,Beneficiary Mortality Table Code for NPVF for Plan Actuarial Equivalence Calculations,TEXT,,X,,,,,,,,,,,,,,,,,,,,,,,,,,,,,,,,,,,,,,,,,,,,,,,,,,,,,
AEQ_INTEREST,Interest Rate Range Name for NPVF for Plan Actuarial Equivalence Calculations,TEXT,,X,,,,,,,,,,,,,,,,,,,,,,,,,,,,,,,,,,,,,,,,,,,,,,,,,,,,,
NPVF_FORM_CODE,"Valuation XRD Form Code for NPVF2 function (SLA, JSC, JSP, JSN, JSJ, CTN)",TEXT,,X,,,,,,,,,,,,,,,,,,,,,,,,,,,,,,,,,,,,,,,,,,,,,,,,,,,,,
NPVF_FORM_CODE_NSF,"Normal Single Form Code for NPVF function (SLA, JSC, JSP, JSN, JSJ, CTN)",TEXT,,X,,,,,,,,,,,,,,,,,,,,,,,,,,,,,,,,,,,,,,,,,,,,,,,,,,,,,
NPVF_FORM_CODE_NMF,"Normal Married Form Code for NPVF function (SLA, JSC, JSP, JSN, JSJ, CTN)",TEXT,,X,,,,,,,,,,,,,,,,,,,,,,,,,,,,,,,,,,,,,,,,,,,,,,,,,,,,,
ML_DOTE,Months Late at DOTE,NUMBER,,X,,,,,,,,,,,,,,,,,,,,,,,,,,,,,,,,,,,,,,,,,,,,,,,,,,,,,
PL_ERA,Plan's Earliest Retirement Age Nearest Birthday,NUMBER,,X,,,,,,,,,,,,,,,,,,,,,,,,,,,,,,,,,,,,,,,,,,,,,,,,,,,,,
PL_EURA,Plan's Earliest Unreduced Retirement Age Nearest Birthday,NUMBER,,X,,,,,,,,,,,,,,,,,,,,,,,,,,,,,,,,,,,,,,,,,,,,,,,,,,,,,
PL_ERD,Plan's Earliest Retirement Date,DATE/TIME,,X,,,,,,,,,,,,,,,,,,,,,,,,,,,,,,,,,,,,,,,,,,,,,,,,,,,,,
PL_EURD,Plan's Earliest Unreduced Retirement Date,DATE/TIME,,X,,,,,,,,,,,,,,,,,,,,,,,,,,,,,,,,,,,,,,,,,,,,,,,,,,,,,
ERD,Earliest Retirement Date at DOPT,DATE/TIME,,X,,,,,,,,,,,,,,,,,,,,,,,,,,,,,,,,,,,,,,,,,,,,,,,,,,,,,
EURD,Earliest Unreduced Retirement Date at DOPT,DATE/TIME,,X,,,,,,,,,,,,,,,,,,,,,,,,,,,,,,,,,,,,,,,,,,,,,,,,,,,,,
CASH_BAL_DOPT,Cash Balance at DOPT,CURRENCY,X,,,,,,,,,,,,,,,,,,,,,,,,,,,,,,,,,,,,,,,,,,,,,,,,,,,,,,
CASH_BAL_INT,Interest Rate to Accumulate Cash Balance after DOPT,NUMBER,,X,,,,,,,,,,,,,,,,,,,,,,,,,,,,,,,,,,,,,,,,,,,,,,,,,,,,,
CASH_BAL_XRD,Cash Balance at XRD,CURRENCY,,X,,,,,,,,,,,,,,,,,,,,,,,,,,,,,,,,,,,,,,,,,,,,,,,,,,,,,
CASH_BAL_FACT_XRD,Annuity Conversion Factor for Cash Balance at XRD,NUMBER,,X,,,,,,,,,,,,,,,,,,,,,,,,,,,,,,,,,,,,,,,,,,,,,,,,,,,,,
CCOMP,Covered Compensation at DOPT,CURRENCY,,X,,,,,,,,,,,,,,,,,,,,,,,,,,,,,,,,,,,,,,,,,,,,,,,,,,,,,
SERV_PROJ_NRD,Service Projected to NRD,NUMBER,,X,,,,,,,,,,,,,,,,,,,,,,,,,,,,,,,,,,,,,,,,,,,,,,,,,,,,,
SS_FACTOR,Short Service Factor,NUMBER,,X,,,,,,,,,,,,,,,,,,,,,,,,,,,,,,,,,,,,,,,,,,,,,,,,,,,,,
AC_FACTOR,Accrual Factor,NUMBER,,X,,,,,,,,,,,,,,,,,,,,,,,,,,,,,,,,,,,,,,,,,,,,,,,,,,,,,
PROJ_NRD_BEN,Projected Monthly Benefit at NRD,CURRENCY,,X,,,,,,,,,,,,,,,,,,,,,,,,,,,,,,,,,,,,,,,,,,,,,,,,,,,,,
MAX_OFFSET,Offset to Maximum Guaanteed Benefit Due to Pre-DOPT Partial Distribution,CURRENCY,,X,,,,,,,,,,,,,,,,,,,,,,,,,,,,,,,,,,,,,,,,,,,,,,,,,,,,,
MAX_OFFSET_NSF,NSF Offset to Maximum Guaranteed Benefit Due to Pre-DOPT Partial Distribution,CURRENCY,,X,,,,,,,,,,,,,,,,,,,,,,,,,,,,,,,,,,,,,,,,,,,,,,,,,,,,,
ML_ARD,Months Late at ARD (for Post-DOPT retirees),NUMBER,,X,,,,,,,,,,,,,,,,,,,,,,,,,,,,,,,,,,,,,,,,,,,,,,,,,,,,,
LRF_ARD,Late Retirement Factor at ARD (for Post-DOPT retirees),NUMBER,,X,,,,,,,,,,,,,,,,,,,,,,,,,,,,,,,,,,,,,,,,,,,,,,,,,,,,,
ARD_PMB,Plan Monthly Benefit at ARD (for Post-DOPT retirees),CURRENCY,,X,,,,,,,,,,,,,,,,,,,,,,,,,,,,,,,,,,,,,,,,,,,,,,,,,,,,,
ME_ARD_MAXLIM,Months Early for Maximum Guaranteed Benefit at ARD (for Post-DOPT retirees),NUMBER,,X,,,,,,,,,,,,,,,,,,,,,,,,,,,,,,,,,,,,,,,,,,,,,,,,,,,,,
ERF_ARD_MAXLIM,Early Retirement Factor for Maximum Guaranteed Benefit at ARD (for Post-DOPT retirees),NUMBER,,X,,,,,,,,,,,,,,,,,,,,,,,,,,,,,,,,,,,,,,,,,,,,,,,,,,,,,
ML_ARD_MAXLIM,Months Late for Maximum Guaranteed Benefit at ARD (for Post-DOPT retirees),NUMBER,,X,,,,,,,,,,,,,,,,,,,,,,,,,,,,,,,,,,,,,,,,,,,,,,,,,,,,,
LRF_ARD_MAXLIM,Late Retirement Factor for Maximum Guaranteed Benefit at ARD (for Post-DOPT retirees),NUMBER,,X,,,,,,,,,,,,,,,,,,,,,,,,,,,,,,,,,,,,,,,,,,,,,,,,,,,,,
BFCF_ARD_MAXLIM,Benefit Form Conversion Factor for Maximum Guaranteed Benefit at ARD (for Post-DOPT retirees),NUMBER,,X,,,,,,,,,,,,,,,,,,,,,,,,,,,,,,,,,,,,,,,,,,,,,,,,,,,,,
MAXLIM_ARD,Maximum Guaranteed Benefit at ARD (for Post-DOPT retirees),CURRENCY,,X,,,,,,,,,,,,,,,,,,,,,,,,,,,,,,,,,,,,,,,,,,,,,,,,,,,,,
ARD_MB_TITLE_IV,Title IV Monthly Benefit at ARD (for post-DOPT retirees),CURRENCY,,X,,,,,,,,,,,,,,,,,,,,,,,,,,,,,,,,,,,,,,,,,,,,,,,,,,,,,
ARD_MB_4022C,4022(c) Monthly Benefit at ARD (for post-DOPT retirees),CURRENCY,,X,,,,,,,,,,,,,,,,,,,,,,,,,,,,,,,,,,,,,,,,,,,,,,,,,,,,,
SNRA,Beneficiary's Age at Normal Retirement Date,NUMBER,,X,,,,,,,,,,,,,,,,,,,,,,,,,,,,,,,,,,,,,,,,,,,,,,,,,,,,,
BFCF_NRD,Benefit Form Conversion Factor at NRD (for QPSA Calculation),NUMBER,,X,,,,,,,,,,,,,,,,,,,,,,,,,,,,,,,,,,,,,,,,,,,,,,,,,,,,,
CASH_BAL_NRD,Cash Balance at NRD,CURRENCY,,X,,,,,,,,,,,,,,,,,,,,,,,,,,,,,,,,,,,,,,,,,,,,,,,,,,,,,
CASH_BAL_FACT_NRD,Annuity Conversion Factor for Cash Balance at NRD,NUMBER,,X,,,,,,,,,,,,,,,,,,,,,,,,,,,,,,,,,,,,,,,,,,,,,,,,,,,,,
ME_NRD_MAXLIM,Months Early for Maximum Guaranteed Benefit at NRD,NUMBER,,X,,,,,,,,,,,,,,,,,,,,,,,,,,,,,,,,,,,,,,,,,,,,,,,,,,,,,
ERF_NRD_MAXLIM,Early Retirement Factor for Maximum Guaranteed Benefit at NRD,NUMBER,,X,,,,,,,,,,,,,,,,,,,,,,,,,,,,,,,,,,,,,,,,,,,,,,,,,,,,,
BFCF_NRD_MAXLIM,Benefit Form Conversion Factor for Maximum Guaranteed Benefit at NRD,NUMBER,,X,,,,,,,,,,,,,,,,,,,,,,,,,,,,,,,,,,,,,,,,,,,,,,,,,,,,,
MAXLIM_NRD,Maximum Guaranteed Benefit at NRD,CURRENCY,,X,,,,,,,,,,,,,,,,,,,,,,,,,,,,,,,,,,,,,,,,,,,,,,,,,,,,,
ML_EURD,Months Late at EURD,NUMBER,,X,,,,,,,,,,,,,,,,,,,,,,,,,,,,,,,,,,,,,,,,,,,,,,,,,,,,,
LRF_EURD,Late Retirement Factor at EURD,NUMBER,,X,,,,,,,,,,,,,,,,,,,,,,,,,,,,,,,,,,,,,,,,,,,,,,,,,,,,,
ANB_EURD,Participant's Age Nearest Birthday at EURD,NUMBER,,X,,,,,,,,,,,,,,,,,,,,,,,,,,,,,,,,,,,,,,,,,,,,,,,,,,,,,
SANB_EURD,Beneficiary's Age Nearest Birthday at EURD,NUMBER,,X,,,,,,,,,,,,,,,,,,,,,,,,,,,,,,,,,,,,,,,,,,,,,,,,,,,,,
BFCF_EURD,Benefit Form Conversion Factor at EURD (for QPSA Calculation),NUMBER,,X,,,,,,,,,,,,,,,,,,,,,,,,,,,,,,,,,,,,,,,,,,,,,,,,,,,,,
CASH_BAL_EURD,Cash Balance at EURD,CURRENCY,,X,,,,,,,,,,,,,,,,,,,,,,,,,,,,,,,,,,,,,,,,,,,,,,,,,,,,,
CASH_BAL_FACT_EURD,Annuity Conversion Factor for Cash Balance at EURD,NUMBER,,X,,,,,,,,,,,,,,,,,,,,,,,,,,,,,,,,,,,,,,,,,,,,,,,,,,,,,
EURD_PMB,Plan Monthly Benefit at EURD,CURRENCY,,X,,,,,,,,,,,,,,,,,,,,,,,,,,,,,,,,,,,,,,,,,,,,,,,,,,,,,
ME_EURD_MAXLIM,Months Early for Maximum Guaranteed Benefit at EURD,NUMBER,,X,,,,,,,,,,,,,,,,,,,,,,,,,,,,,,,,,,,,,,,,,,,,,,,,,,,,,
ERF_EURD_MAXLIM,Early Retirement Factor for Maximum Guaranteed Benefit at EURD,NUMBER,,X,,,,,,,,,,,,,,,,,,,,,,,,,,,,,,,,,,,,,,,,,,,,,,,,,,,,,
ML_EURD_MAXLIM,Months Late for Maximum Guaranteed Benefit at EURD,NUMBER,,X,,,,,,,,,,,,,,,,,,,,,,,,,,,,,,,,,,,,,,,,,,,,,,,,,,,,,
LRF_EURD_MAXLIM,Late Retirement Factor for Maximum Guaranteed Benefit at EURD,NUMBER,,X,,,,,,,,,,,,,,,,,,,,,,,,,,,,,,,,,,,,,,,,,,,,,,,,,,,,,
BFCF_EURD_MAXLIM,Benefit Form Conversion Factor for Guaranteed Benefit at EURD,NUMBER,,X,,,,,,,,,,,,,,,,,,,,,,,,,,,,,,,,,,,,,,,,,,,,,,,,,,,,,
CASH_BAL_ERD,Cash Balance at ERD,CURRENCY,,X,,,,,,,,,,,,,,,,,,,,,,,,,,,,,,,,,,,,,,,,,,,,,,,,,,,,,
CASH_BAL_FACT_ERD,Annuity Conversion Factor for Cash Balance at ERD,NUMBER,,X,,,,,,,,,,,,,,,,,,,,,,,,,,,,,,,,,,,,,,,,,,,,,,,,,,,,,
MAXLIM_EURD,Maximum Guaranteed Benefit at EURD,CURRENCY,,X,,,,,,,,,,,,,,,,,,,,,,,,,,,,,,,,,,,,,,,,,,,,,,,,,,,,,
ML_ERD,Months Late at ERD,NUMBER,,X,,,,,,,,,,,,,,,,,,,,,,,,,,,,,,,,,,,,,,,,,,,,,,,,,,,,,
LRF_ERD,Late Retirement Factor at ERD,NUMBER,,X,,,,,,,,,,,,,,,,,,,,,,,,,,,,,,,,,,,,,,,,,,,,,,,,,,,,,
ANB_ERD,Participant's Age Nearest Birthday at ERD,NUMBER,,X,,,,,,,,,,,,,,,,,,,,,,,,,,,,,,,,,,,,,,,,,,,,,,,,,,,,,
SANB_ERD,Beneficiary's Age Nearest Birthday at ERD,NUMBER,,X,,,,,,,,,,,,,,,,,,,,,,,,,,,,,,,,,,,,,,,,,,,,,,,,,,,,,
BFCF_ERD,Benefit Form Conversion Factor at ERD (for QPSA Calculation),NUMBER,,X,,,,,,,,,,,,,,,,,,,,,,,,,,,,,,,,,,,,,,,,,,,,,,,,,,,,,
ERD_PMB,Plan Monthly Benefit at ERD,CURRENCY,,X,,,,,,,,,,,,,,,,,,,,,,,,,,,,,,,,,,,,,,,,,,,,,,,,,,,,,
MAXLIM_ERD,Maximum Guaranteed Benefit at ERD,CURRENCY,,X,,,,,,,,,,,,,,,,,,,,,,,,,,,,,,,,,,,,,,,,,,,,,,,,,,,,,
ME_ERD_MAXLIM,Months Early for Maximum Guaranteed Benefit at ERD,NUMBER,,X,,,,,,,,,,,,,,,,,,,,,,,,,,,,,,,,,,,,,,,,,,,,,,,,,,,,,
ERF_ERD_MAXLIM,Early Retirement Factor for Maximum Guaranteed Benefit at ERD,NUMBER,,X,,,,,,,,,,,,,,,,,,,,,,,,,,,,,,,,,,,,,,,,,,,,,,,,,,,,,
BFCF_ERD_MAXLIM,Benefit Form Conversion Factor for Maximum Guaranteed Benefit at ERD,NUMBER,,X,,,,,,,,,,,,,,,,,,,,,,,,,,,,,,,,,,,,,,,,,,,,,,,,,,,,,
XRD_PMB,XRD Plan Monthly Benefit at DOPT,CURRENCY,,X,,,,,,,,,,,,,,,,,,,,,,,,,,,,,,,,,,,,,,,,,,,,,,,,,,,,,
PROB_DEATH,Probability that Participant Dies Between DOPT and XRD using PBGC annuity mortality,NUMBER,,X,,,,,,,,,,,,,,,,,,,,,,,,,,,,,,,,,,,,,,,,,,,,,,,,,,,,,
PVF_QPSA_ANN,Present Value Factor for QPSA Benefit Using Surviving Spouse PBGC Mortality and Annuity Assumptions,NUMBER,,X,,,,,,,,,,,,,,,,,,,,,,,,,,,,,,,,,,,,,,,,,,,,,,,,,,,,,
PVF_QPSA_LS,Present Value Factor for QPSA Benefit Using Surviving Spouse PBGC Mortality and Lump Sum Assumptions,NUMBER,,X,,,,,,,,,,,,,,,,,,,,,,,,,,,,,,,,,,,,,,,,,,,,,,,,,,,,,
LS_QPSA,"Lump Sum Value of QPSA Benefit at DOPT - this field is generally populated when a QPSA calculation is run in a BSRS/BET program for a participant record but must be populated for participant records for which the participant died after DOPT and the lump sum value is greater than $5,000 and there is actual surviving spouse data available and the surviving spouse is still deferred the amount in this field gets populated into the LS_TERM field of the beneficiary record created by Data Validation which is then loaded to Genesis.",CURRENCY,,X,,,,,,,,,,,,,,,,,,,,,,,,,,,,,,,,,,,,,,,,,,,,,,,,,,,,,
SDOB_LS,Spouse Date of Birth Used for Calculating the Lump Sum (for LS_TERM),DATE/TIME,,X,,,,,,,,,,,,,,,,,,,,,,,,,,,,,,,,,,,,,,,,,,,,,,,,,,,,,
BFCF_XRD_LS,Benefit Form Conversion Factor Used for Calculating the Lump Sum,NUMBER,,X,,,,,,,,,,,,,,,,,,,,,,,,,,,,,,,,,,,,,,,,,,,,,,,,,,,,,
BFCF_RATIO_LS,Ratio of Benefit Form Conversion Factors Used for Calculating the Lump Sum,NUMBER,,X,,,,,,,,,,,,,,,,,,,,,,,,,,,,,,,,,,,,,,,,,,,,,,,,,,,,,
XRD_MB_LS,XRD Monthly Benefit Used for Calculating the Lump sum (benefit after applying form conversion factor),CURRENCY,,X,,,,,,,,,,,,,,,,,,,,,,,,,,,,,,,,,,,,,,,,,,,,,,,,,,,,,
GUAR_RATIO,Guaranteed Ratio (Level Guaranteed Benefit / Level Plan Benefit),NUMBER,,X,,,,,,,,,,,,,,,,,,,,,,,,,,,,,,,,,,,,,,,,,,,,,,,,,,,,,
TERM_RATIO,Termination Ratio (Level Termination Benefit / Level Plan Benefit),NUMBER,,X,,,,,,,,,,,,,,,,,,,,,,,,,,,,,,,,,,,,,,,,,,,,,,,,,,,,,
MALE_MORT_TAB,Male Mortality Table Used For PVF_LEV_ANN,TEXT,,X,,,,,,,,,,,,,,,,,,,,,,,,,,,,,,,,,,,,,,,,,,,,,,,,,,,,,
FEM_MORT_TAB,Female Mortality Table Used For PVF_LEV_ANN,TEXT,,X,,,,,,,,,,,,,,,,,,,,,,,,,,,,,,,,,,,,,,,,,,,,,,,,,,,,,
PBGC_LS_TAB,PBGC Lump Sum Mortality Table User for PVF_LEV_LS,TEXT,,X,,,,,,,,,,,,,,,,,,,,,,,,,,,,,,,,,,,,,,,,,,,,,,,,,,,,,
PC5A_4022C_AR,4022(c) Asset Allocation ratio for PC5A,NUMBER,,X,,,,,,,,,,,,,,,,,,,,,,,,,,,,,,,,,,,,,,,,,,,,,,,,,,,,,
PC5A_4044_AR,4044 Asset Allocation ratio for PC5A,NUMBER,,X,,,,,,,,,,,,,,,,,,,,,,,,,,,,,,,,,,,,,,,,,,,,,,,,,,,,,
PC5A_ANNUITY_PVMB,Present Value of PC5A Annuity benefit,CURRENCY,,X,,,,,,,,,,,,,,,,,,,,,,,,,,,,,,,,,,,,,,,,,,,,,,,,,,,,,
PC5A_FSS1_MB,Initial XRD Free Surviving Spouse Benefi for PC5A,CURRENCY,,X,,,,,,,,,,,,,,,,,,,,,,,,,,,,,,,,,,,,,,,,,,,,,,,,,,,,,
PC5A_FSS2_MB,Secondary XRD Free Surviving Spouse Benefi for PC5A,CURRENCY,,X,,,,,,,,,,,,,,,,,,,,,,,,,,,,,,,,,,,,,,,,,,,,,,,,,,,,,
PC5A_LEVEL_MB,Primary Level Life XRD PC5A monthly benefit,CURRENCY,,X,,,,,,,,,,,,,,,,,,,,,,,,,,,,,,,,,,,,,,,,,,,,,,,,,,,,,
PC5A_LOAD_PVMB,PC5A Expense Load,CURRENCY,,X,,,,,,,,,,,,,,,,,,,,,,,,,,,,,,,,,,,,,,,,,,,,,,,,,,,,,
PC5A_LSDB_PVMB,Present Value of PC5A Lump Sum Death benefit,CURRENCY,,X,,,,,,,,,,,,,,,,,,,,,,,,,,,,,,,,,,,,,,,,,,,,,,,,,,,,,
PC5A_MED_PVMB,XRD Medicare Benefit for PC5A,CURRENCY,,X,,,,,,,,,,,,,,,,,,,,,,,,,,,,,,,,,,,,,,,,,,,,,,,,,,,,,
PC5A_QPSA_PVMB,Present Value of PC5A QPSA benefit,CURRENCY,,X,,,,,,,,,,,,,,,,,,,,,,,,,,,,,,,,,,,,,,,,,,,,,,,,,,,,,
PC5A_SUPP1_MB,1st XRD Supplement for PC5A,CURRENCY,,X,,,,,,,,,,,,,,,,,,,,,,,,,,,,,,,,,,,,,,,,,,,,,,,,,,,,,
PC5A_SUPP2_MB,2nd XRD Supplement for PC5A,CURRENCY,,X,,,,,,,,,,,,,,,,,,,,,,,,,,,,,,,,,,,,,,,,,,,,,,,,,,,,,
PC5A_SUPP3_MB,3rd XRD Supplement for PC5A,CURRENCY,,X,,,,,,,,,,,,,,,,,,,,,,,,,,,,,,,,,,,,,,,,,,,,,,,,,,,,,
PC5A_Total_PV,Total Present Value for PC5A,CURRENCY,,X,,,,,,,,,,,,,,,,,,,,,,,,,,,,,,,,,,,,,,,,,,,,,,,,,,,,,
PC5B_4022C_AR,4022(c) Asset Allocation ratio for PC5B,NUMBER,,X,,,,,,,,,,,,,,,,,,,,,,,,,,,,,,,,,,,,,,,,,,,,,,,,,,,,,
PC5B_4044_AR,4044 Asset Allocation ratio for PC5B,NUMBER,,X,,,,,,,,,,,,,,,,,,,,,,,,,,,,,,,,,,,,,,,,,,,,,,,,,,,,,
PC5B_ANNUITY_PVMB,Present Value of PC5B Annuity benefit,CURRENCY,,X,,,,,,,,,,,,,,,,,,,,,,,,,,,,,,,,,,,,,,,,,,,,,,,,,,,,,
PC5B_FSS1_MB,Initial XRD Free Surviving Spouse Benefi for PC5B,CURRENCY,,X,,,,,,,,,,,,,,,,,,,,,,,,,,,,,,,,,,,,,,,,,,,,,,,,,,,,,
PC5B_FSS2_MB,Secondary XRD Free Surviving Spouse Benefi for PC5B,CURRENCY,,X,,,,,,,,,,,,,,,,,,,,,,,,,,,,,,,,,,,,,,,,,,,,,,,,,,,,,
PC5B_LEVEL_MB,Primary Level Life XRD PC5B monthly benefit,CURRENCY,,X,,,,,,,,,,,,,,,,,,,,,,,,,,,,,,,,,,,,,,,,,,,,,,,,,,,,,
PC5B_LOAD_PVMB,PC5B Expense Load,CURRENCY,,X,,,,,,,,,,,,,,,,,,,,,,,,,,,,,,,,,,,,,,,,,,,,,,,,,,,,,
PC5B_LSDB_PVMB,Present Value of PC5B Lump Sum Death benefit,CURRENCY,,X,,,,,,,,,,,,,,,,,,,,,,,,,,,,,,,,,,,,,,,,,,,,,,,,,,,,,
PC5B_MED_PVMB,XRD Medicare Benefit for PC5B,CURRENCY,,X,,,,,,,,,,,,,,,,,,,,,,,,,,,,,,,,,,,,,,,,,,,,,,,,,,,,,
PC5B_QPSA_PVMB,Present Value of PC5B QPSA benefit,CURRENCY,,X,,,,,,,,,,,,,,,,,,,,,,,,,,,,,,,,,,,,,,,,,,,,,,,,,,,,,
PC5B_SUPP1_MB,1st XRD Supplement for PC5B,CURRENCY,,X,,,,,,,,,,,,,,,,,,,,,,,,,,,,,,,,,,,,,,,,,,,,,,,,,,,,,
PC5B_SUPP2_MB,2nd XRD Supplement for PC5B,CURRENCY,,X,,,,,,,,,,,,,,,,,,,,,,,,,,,,,,,,,,,,,,,,,,,,,,,,,,,,,
PC5B_SUPP3_MB,3rd XRD Supplement for PC5B,CURRENCY,,X,,,,,,,,,,,,,,,,,,,,,,,,,,,,,,,,,,,,,,,,,,,,,,,,,,,,,
PC5B_Total_PV,Total Present Value for PC5B,CURRENCY,,X,,,,,,,,,,,,,,,,,,,,,,,,,,,,,,,,,,,,,,,,,,,,,,,,,,,,,
PC5C_4022C_AR,4022(c) Asset Allocation ratio for PC5C,NUMBER,,X,,,,,,,,,,,,,,,,,,,,,,,,,,,,,,,,,,,,,,,,,,,,,,,,,,,,,
PC5C_4044_AR,4044 Asset Allocation ratio for PC5C,NUMBER,,X,,,,,,,,,,,,,,,,,,,,,,,,,,,,,,,,,,,,,,,,,,,,,,,,,,,,,
PC5C_ANNUITY_PVMB,Present Value of PC5C Annuity benefit,CURRENCY,,X,,,,,,,,,,,,,,,,,,,,,,,,,,,,,,,,,,,,,,,,,,,,,,,,,,,,,
PC5C_FSS1_MB,Initial XRD Free Surviving Spouse Benefi for PC5C,CURRENCY,,X,,,,,,,,,,,,,,,,,,,,,,,,,,,,,,,,,,,,,,,,,,,,,,,,,,,,,
PC5C_FSS2_MB,Secondary XRD Free Surviving Spouse Benefi for PC5C,CURRENCY,,X,,,,,,,,,,,,,,,,,,,,,,,,,,,,,,,,,,,,,,,,,,,,,,,,,,,,,
PC5C_LEVEL_MB,Primary Level Life XRD PC5C monthly benefit,CURRENCY,,X,,,,,,,,,,,,,,,,,,,,,,,,,,,,,,,,,,,,,,,,,,,,,,,,,,,,,
PC5C_LOAD_PVMB,PC5C Expense Load,CURRENCY,,X,,,,,,,,,,,,,,,,,,,,,,,,,,,,,,,,,,,,,,,,,,,,,,,,,,,,,
PC5C_LSDB_PVMB,Present Value of PC5C Lump Sum Death benefit,CURRENCY,,X,,,,,,,,,,,,,,,,,,,,,,,,,,,,,,,,,,,,,,,,,,,,,,,,,,,,,
PC5C_MED_PVMB,XRD Medicare Benefit for PC5C,CURRENCY,,X,,,,,,,,,,,,,,,,,,,,,,,,,,,,,,,,,,,,,,,,,,,,,,,,,,,,,
PC5C_QPSA_PVMB,Present Value of PC5C QPSA benefit,CURRENCY,,X,,,,,,,,,,,,,,,,,,,,,,,,,,,,,,,,,,,,,,,,,,,,,,,,,,,,,
PC5C_SUPP1_MB,1st XRD Supplement for PC5C,CURRENCY,,X,,,,,,,,,,,,,,,,,,,,,,,,,,,,,,,,,,,,,,,,,,,,,,,,,,,,,
PC5C_SUPP2_MB,2nd XRD Supplement for PC5C,CURRENCY,,X,,,,,,,,,,,,,,,,,,,,,,,,,,,,,,,,,,,,,,,,,,,,,,,,,,,,,
PC5C_SUPP3_MB,3rd XRD Supplement for PC5C,CURRENCY,,X,,,,,,,,,,,,,,,,,,,,,,,,,,,,,,,,,,,,,,,,,,,,,,,,,,,,,
PC5C_Total_PV,Total Present Value for PC5C,CURRENCY,,X,,,,,,,,,,,,,,,,,,,,,,,,,,,,,,,,,,,,,,,,,,,,,,,,,,,,,
PC5D_4022C_AR,4022(c) Asset Allocation ratio for PC5D,NUMBER,,X,,,,,,,,,,,,,,,,,,,,,,,,,,,,,,,,,,,,,,,,,,,,,,,,,,,,,
PC5D_4044_AR,4044 Asset Allocation ratio for PC5D,NUMBER,,X,,,,,,,,,,,,,,,,,,,,,,,,,,,,,,,,,,,,,,,,,,,,,,,,,,,,,
PC5D_ANNUITY_PVMB,Present Value of PC5D Annuity benefit,CURRENCY,,X,,,,,,,,,,,,,,,,,,,,,,,,,,,,,,,,,,,,,,,,,,,,,,,,,,,,,
PC5D_FSS1_MB,Initial XRD Free Surviving Spouse Benefi for PC5D,CURRENCY,,X,,,,,,,,,,,,,,,,,,,,,,,,,,,,,,,,,,,,,,,,,,,,,,,,,,,,,
PC5D_FSS2_MB,Secondary XRD Free Surviving Spouse Benefi for PC5D,CURRENCY,,X,,,,,,,,,,,,,,,,,,,,,,,,,,,,,,,,,,,,,,,,,,,,,,,,,,,,,
PC5D_LEVEL_MB,Primary Level Life XRD PC5D monthly benefit,CURRENCY,,X,,,,,,,,,,,,,,,,,,,,,,,,,,,,,,,,,,,,,,,,,,,,,,,,,,,,,
PC5D_LOAD_PVMB,PC5D Expense Load,CURRENCY,,X,,,,,,,,,,,,,,,,,,,,,,,,,,,,,,,,,,,,,,,,,,,,,,,,,,,,,
PC5D_LSDB_PVMB,Present Value of PC5D Lump Sum Death benefit,CURRENCY,,X,,,,,,,,,,,,,,,,,,,,,,,,,,,,,,,,,,,,,,,,,,,,,,,,,,,,,
PC5D_MED_PVMB,XRD Medicare Benefit for PC5D,CURRENCY,,X,,,,,,,,,,,,,,,,,,,,,,,,,,,,,,,,,,,,,,,,,,,,,,,,,,,,,
PC5D_QPSA_PVMB,Present Value of PC5D QPSA benefit,CURRENCY,,X,,,,,,,,,,,,,,,,,,,,,,,,,,,,,,,,,,,,,,,,,,,,,,,,,,,,,
PC5D_SUPP1_MB,1st XRD Supplement for PC5D,CURRENCY,,X,,,,,,,,,,,,,,,,,,,,,,,,,,,,,,,,,,,,,,,,,,,,,,,,,,,,,
PC5D_SUPP2_MB,2nd XRD Supplement for PC5D,CURRENCY,,X,,,,,,,,,,,,,,,,,,,,,,,,,,,,,,,,,,,,,,,,,,,,,,,,,,,,,
PC5D_SUPP3_MB,3rd XRD Supplement for PC5D,CURRENCY,,X,,,,,,,,,,,,,,,,,,,,,,,,,,,,,,,,,,,,,,,,,,,,,,,,,,,,,
PC5D_Total_PV,Total Present Value for PC5D,CURRENCY,,X,,,,,,,,,,,,,,,,,,,,,,,,,,,,,,,,,,,,,,,,,,,,,,,,,,,,,
PC5E_4022C_AR,4022(c) Asset Allocation ratio for PC5E,NUMBER,,X,,,,,,,,,,,,,,,,,,,,,,,,,,,,,,,,,,,,,,,,,,,,,,,,,,,,,
PC5E_4044_AR,4044 Asset Allocation ratio for PC5E,NUMBER,,X,,,,,,,,,,,,,,,,,,,,,,,,,,,,,,,,,,,,,,,,,,,,,,,,,,,,,
PC5E_ANNUITY_PVMB,Present Value of PC5E Annuity benefit,CURRENCY,,X,,,,,,,,,,,,,,,,,,,,,,,,,,,,,,,,,,,,,,,,,,,,,,,,,,,,,
PC5E_FSS1_MB,Initial XRD Free Surviving Spouse Benefi for PC5E,CURRENCY,,X,,,,,,,,,,,,,,,,,,,,,,,,,,,,,,,,,,,,,,,,,,,,,,,,,,,,,
PC5E_FSS2_MB,Secondary XRD Free Surviving Spouse Benefi for PC5E,CURRENCY,,X,,,,,,,,,,,,,,,,,,,,,,,,,,,,,,,,,,,,,,,,,,,,,,,,,,,,,
PC5E_LEVEL_MB,Primary Level Life XRD PC5E monthly benefit,CURRENCY,,X,,,,,,,,,,,,,,,,,,,,,,,,,,,,,,,,,,,,,,,,,,,,,,,,,,,,,
PC5E_LOAD_PVMB,PC5E Expense Load,CURRENCY,,X,,,,,,,,,,,,,,,,,,,,,,,,,,,,,,,,,,,,,,,,,,,,,,,,,,,,,
PC5E_LSDB_PVMB,Present Value of PC5E Lump Sum Death benefit,CURRENCY,,X,,,,,,,,,,,,,,,,,,,,,,,,,,,,,,,,,,,,,,,,,,,,,,,,,,,,,
PC5E_MED_PVMB,XRD Medicare Benefit for PC5E,CURRENCY,,X,,,,,,,,,,,,,,,,,,,,,,,,,,,,,,,,,,,,,,,,,,,,,,,,,,,,,
PC5E_QPSA_PVMB,Present Value of PC5E QPSA benefit,CURRENCY,,X,,,,,,,,,,,,,,,,,,,,,,,,,,,,,,,,,,,,,,,,,,,,,,,,,,,,,
PC5E_SUPP1_MB,1st XRD Supplement for PC5E,CURRENCY,,X,,,,,,,,,,,,,,,,,,,,,,,,,,,,,,,,,,,,,,,,,,,,,,,,,,,,,
PC5E_SUPP2_MB,2nd XRD Supplement for PC5E,CURRENCY,,X,,,,,,,,,,,,,,,,,,,,,,,,,,,,,,,,,,,,,,,,,,,,,,,,,,,,,
PC5E_SUPP3_MB,3rd XRD Supplement for PC5E,CURRENCY,,X,,,,,,,,,,,,,,,,,,,,,,,,,,,,,,,,,,,,,,,,,,,,,,,,,,,,,
PC5E_Total_PV,Total Present Value for PC5E,CURRENCY,,X,,,,,,,,,,,,,,,,,,,,,,,,,,,,,,,,,,,,,,,,,,,,,,,,,,,,,
PVMB_TITLE_IV_NO_Q_NO_L,Present Value Title IV Monthly Benefit Without QPSA or Expense Load,CURRENCY,,X,,,,,,,,,,,,,,,,,,,,,,,,,,,,,,,,,,,,,,,,,,,,,,,,,,,,,
PVMB_BAS_UNGB_NO_Q_NO_L,Present Value Basic UNGB Without QPSA or Expense Load,CURRENCY,,X,,,,,,,,,,,,,,,,,,,,,,,,,,,,,,,,,,,,,,,,,,,,,,,,,,,,,
PVMB_NB_UNGB_NO_Q_NO_L,Present Value Non-Basic UNGB Without QPSA or Expense Load,CURRENCY,,X,,,,,,,,,,,,,,,,,,,,,,,,,,,,,,,,,,,,,,,,,,,,,,,,,,,,,
PVPBL_ANN_RATES_NO_Q_NO_L,Present Value Plan Benefit Without QPSA or Expense Load,CURRENCY,,X,,,,,,,,,,,,,,,,,,,,,,,,,,,,,,,,,,,,,,,,,,,,,,,,,,,,,
PVMB_4022C_NO_Q_NO_L,Present Value 4022(c) Without QPSA or Expense Load,CURRENCY,,X,,,,,,,,,,,,,,,,,,,,,,,,,,,,,,,,,,,,,,,,,,,,,,,,,,,,,
PVMB_TERM_NO_Q_NO_L,Present Value Termination Benefit Without QPSA or Expense Load,CURRENCY,,X,,,,,,,,,,,,,,,,,,,,,,,,,,,,,,,,,,,,,,,,,,,,,,,,,,,,,
PVMB_TITLE_IV_QPSA,Present Value Title IV QPSA Benefit Without Expense Load,CURRENCY,,X,,,,,,,,,,,,,,,,,,,,,,,,,,,,,,,,,,,,,,,,,,,,,,,,,,,,,
PVMB_BAS_UNGB_QPSA,Present Value Basic UNGB QPSA Benefit Without Expense Load,CURRENCY,,X,,,,,,,,,,,,,,,,,,,,,,,,,,,,,,,,,,,,,,,,,,,,,,,,,,,,,
PVMB_NB_UNGB_QPSA,Present Value Non-Basic UNGB QPSA Benefit Without Expense Load,CURRENCY,,X,,,,,,,,,,,,,,,,,,,,,,,,,,,,,,,,,,,,,,,,,,,,,,,,,,,,,
PVPBL_ANN_RATES_QPSA,Present Value Plan QPSA Benefit Without Expense Load,CURRENCY,,X,,,,,,,,,,,,,,,,,,,,,,,,,,,,,,,,,,,,,,,,,,,,,,,,,,,,,
PVMB_4022C_QPSA,Present Value 4022(c) QPSA Benefit Without Expense Load,CURRENCY,,X,,,,,,,,,,,,,,,,,,,,,,,,,,,,,,,,,,,,,,,,,,,,,,,,,,,,,
PVMB_TERM_QPSA,Present Value Termination QPSA Benefit Without Expense Load,CURRENCY,,X,,,,,,,,,,,,,,,,,,,,,,,,,,,,,,,,,,,,,,,,,,,,,,,,,,,,,
PVMB_TITLE_IV_NO_LOAD,Present Value of Title IV Benefit Without Expense Load,CURRENCY,,X,,,,,,,,,,,,,,,,,,,,,,,,,,,,,,,,,,,,,,,,,,,,,,,,,,,,,
BNNFA_PVMB_NO_LOAD,Present Value of Basic UNGB Without Expense Load,CURRENCY,,X,,,,,,,,,,,,,,,,,,,,,,,,,,,,,,,,,,,,,,,,,,,,,,,,,,,,,
NNNFA_PVMB_NO_LOAD,Present Value of Non-Basic UNGB Without Expense Load,CURRENCY,,X,,,,,,,,,,,,,,,,,,,,,,,,,,,,,,,,,,,,,,,,,,,,,,,,,,,,,
PVPBL_ANN_RATES_NO_LOAD,Present Value of Plan Benefit Liability Without Expense Load,CURRENCY,,X,,,,,,,,,,,,,,,,,,,,,,,,,,,,,,,,,,,,,,,,,,,,,,,,,,,,,
PVMB_4022C_NO_LOAD,Present Value of 4022(c) Benefit Without Expense Load,CURRENCY,,X,,,,,,,,,,,,,,,,,,,,,,,,,,,,,,,,,,,,,,,,,,,,,,,,,,,,,
PVMB_TERM_NO_LOAD,Present Value of Termination Benefit Without Expense Load,CURRENCY,,X,,,,,,,,,,,,,,,,,,,,,,,,,,,,,,,,,,,,,,,,,,,,,,,,,,,,,
TITLE_IV_LOAD,Title IV Benefit Expense Load,CURRENCY,,X,,,,,,,,,,,,,,,,,,,,,,,,,,,,,,,,,,,,,,,,,,,,,,,,,,,,,
BNNFA_LOAD,Basic UNGB Expense Load,CURRENCY,,X,,,,,,,,,,,,,,,,,,,,,,,,,,,,,,,,,,,,,,,,,,,,,,,,,,,,,
NNNFA_LOAD,Non-Basic UNGB Expense Load,CURRENCY,,X,,,,,,,,,,,,,,,,,,,,,,,,,,,,,,,,,,,,,,,,,,,,,,,,,,,,,
PBL_LOAD,Plan Benefit Liability Expense Load,CURRENCY,,X,,,,,,,,,,,,,,,,,,,,,,,,,,,,,,,,,,,,,,,,,,,,,,,,,,,,,
LOAD_4022C,4022(c) Benefit Expense Load,CURRENCY,,X,,,,,,,,,,,,,,,,,,,,,,,,,,,,,,,,,,,,,,,,,,,,,,,,,,,,,
TERM_LOAD,Termination Benefit Expense Load,CURRENCY,,X,,,,,,,,,,,,,,,,,,,,,,,,,,,,,,,,,,,,,,,,,,,,,,,,,,,,,
PC3_ERD,Earliest Retirement Date at DOPT/BPD-3,DATE/TIME,,X,,,,,,,,,,,,,,,,,,,,,,,,,,,,,,,,,,,,,,,,,,,,,,,,,,,,,
PC3_EURD,Earliest Unreduced Retirement Date at DOPT/BPD-3,DATE/TIME,,X,,,,,,,,,,,,,,,,,,,,,,,,,,,,,,,,,,,,,,,,,,,,,,,,,,,,,
PC3_ELG_IND,PC3 Eligibility Indicator,TEXT,,X,,,,,,,,,,,,,,,,,,,,,,,,,,,,,,,,,,,,,,,,,,,,,,,,,,,,,
PC3_CASH_BAL,Cash Balance at DOPT/BPD-3,CURRENCY,,X,,,,,,,,,,,,,,,,,,,,,,,,,,,,,,,,,,,,,,,,,,,,,,,,,,,,,
PC3_CASH_BAL_FACT,Annuity Conversion Factor for Cash Balance at DOPT/BPD-3,NUMBER,,X,,,,,,,,,,,,,,,,,,,,,,,,,,,,,,,,,,,,,,,,,,,,,,,,,,,,,
PC3_CS,Credited Service at DOPT/BPD-3,NUMBER,,X,,,,,,,,,,,,,,,,,,,,,,,,,,,,,,,,,,,,,,,,,,,,,,,,,,,,,
PC3_SERV_PROJ_NRD,Service Projected to NRD at DOPT/BPD-3,NUMBER,,X,,,,,,,,,,,,,,,,,,,,,,,,,,,,,,,,,,,,,,,,,,,,,,,,,,,,,
PC3_SS_FACTOR,Short Service Factor at DOPT/BPD-3,NUMBER,,X,,,,,,,,,,,,,,,,,,,,,,,,,,,,,,,,,,,,,,,,,,,,,,,,,,,,,
PC3_AC_FACTOR,Accrual Factor at DOPT/BPD-3,NUMBER,,X,,,,,,,,,,,,,,,,,,,,,,,,,,,,,,,,,,,,,,,,,,,,,,,,,,,,,
PC3_BR,Benefit Rate at DOPT/BPD-3,CURRENCY,,X,,,,,,,,,,,,,,,,,,,,,,,,,,,,,,,,,,,,,,,,,,,,,,,,,,,,,
PC3_ACOMP,Average Compensation at DOPT/BPD-3,CURRENCY,,X,,,,,,,,,,,,,,,,,,,,,,,,,,,,,,,,,,,,,,,,,,,,,,,,,,,,,
PC3_CCOMP,Covered Compensation at DOPT/BPD-3,CURRENCY,,X,,,,,,,,,,,,,,,,,,,,,,,,,,,,,,,,,,,,,,,,,,,,,,,,,,,,,
PC3_VS,Vesting Service at DOPT/BPD-3,NUMBER,,X,,,,,,,,,,,,,,,,,,,,,,,,,,,,,,,,,,,,,,,,,,,,,,,,,,,,,
PC3_VP,Vesting Percentage at DOPT/BPD-3,NUMBER,,X,,,,,,,,,,,,,,,,,,,,,,,,,,,,,,,,,,,,,,,,,,,,,,,,,,,,,
PC3_AMB,Accrued Monthly Benefit at DOPT/BPD-3,CURRENCY,,X,,,,,,,,,,,,,,,,,,,,,,,,,,,,,,,,,,,,,,,,,,,,,,,,,,,,,
PC3_VB,Vested Monthly Benefit at DOPT/BPD-3,CURRENCY,,X,,,,,,,,,,,,,,,,,,,,,,,,,,,,,,,,,,,,,,,,,,,,,,,,,,,,,
PC3_ATT,Attained Age at DOPT/BPD-3,NUMBER,,X,,,,,,,,,,,,,,,,,,,,,,,,,,,,,,,,,,,,,,,,,,,,,,,,,,,,,
PC3_AEQ_PP_MORT,PC3 Participant Mortality Table Code for NPVF for Actuarial Equivalence Calculations,TEXT,,X,,,,,,,,,,,,,,,,,,,,,,,,,,,,,,,,,,,,,,,,,,,,,,,,,,,,,
PC3_AEQ_BE_MORT,PC3 Beneficiary Mortality Table Code for NPVF for Actuarial Equivalence Calculations,TEXT,,X,,,,,,,,,,,,,,,,,,,,,,,,,,,,,,,,,,,,,,,,,,,,,,,,,,,,,
PC3_AEQ_INTEREST,PC3 Interest Rate Range Name for NPVF for Actuarial Equivalence Calculations,TEXT,,X,,,,,,,,,,,,,,,,,,,,,,,,,,,,,,,,,,,,,,,,,,,,,,,,,,,,,
PC3_ANB,Age Nearest Birthday at DOPT/BPD-3,NUMBER,,X,,,,,,,,,,,,,,,,,,,,,,,,,,,,,,,,,,,,,,,,,,,,,,,,,,,,,
PC3_SANB,Beneficiary's Age Nearest Birthday at DOPT/BPD-3,NUMBER,,X,,,,,,,,,,,,,,,,,,,,,,,,,,,,,,,,,,,,,,,,,,,,,,,,,,,,,
PC3_ME,Months Early at DOPT/BPD-3,NUMBER,,X,,,,,,,,,,,,,,,,,,,,,,,,,,,,,,,,,,,,,,,,,,,,,,,,,,,,,
PC3_ERF,Early Retirement Factor at DOPT/BPD-3,NUMBER,,X,,,,,,,,,,,,,,,,,,,,,,,,,,,,,,,,,,,,,,,,,,,,,,,,,,,,,
PC3_BFCF,Benefit Form Conversion Factor at DOPT/BPD-3,NUMBER,,X,,,,,,,,,,,,,,,,,,,,,,,,,,,,,,,,,,,,,,,,,,,,,,,,,,,,,
PC3_ML,Months Late at DOPT/BPD-3,NUMBER,,X,,,,,,,,,,,,,,,,,,,,,,,,,,,,,,,,,,,,,,,,,,,,,,,,,,,,,
PC3_LRF,Late Retirement Factor at DOPT/BPD-3,NUMBER,,X,,,,,,,,,,,,,,,,,,,,,,,,,,,,,,,,,,,,,,,,,,,,,,,,,,,,,
PC3_PROJ_NRD_BEN,Projected Benefit at NRD at DOPT/BPD-3,CURRENCY,,X,,,,,,,,,,,,,,,,,,,,,,,,,,,,,,,,,,,,,,,,,,,,,,,,,,,,,
PC3_OFFSET,Offset to PC3 Benefit Due to Pre-DOPT Partial Distribution,CURRENCY,,X,,,,,,,,,,,,,,,,,,,,,,,,,,,,,,,,,,,,,,,,,,,,,,,,,,,,,
BPD_ERD,Earliest Retirement Date at BPD,DATE/TIME,,X,,,,,,,,,,,,,,,,,,,,,,,,,,,,,,,,,,,,,,,,,,,,,,,,,,,,,
BPD_EURD,Earliest Unreduced Retirement Date at BPD,DATE/TIME,,X,,,,,,,,,,,,,,,,,,,,,,,,,,,,,,,,,,,,,,,,,,,,,,,,,,,,,
BPD_CASH_BAL,Cash Balance at BPD,CURRENCY,,X,,,,,,,,,,,,,,,,,,,,,,,,,,,,,,,,,,,,,,,,,,,,,,,,,,,,,
BPD_CS,Credited Service at BPD,NUMBER,,X,,,,,,,,,,,,,,,,,,,,,,,,,,,,,,,,,,,,,,,,,,,,,,,,,,,,,
BPD_SERV_PROJ_NRD,Service Projected to NRD at BPD,NUMBER,,X,,,,,,,,,,,,,,,,,,,,,,,,,,,,,,,,,,,,,,,,,,,,,,,,,,,,,
BPD_SS_FACTOR,Short Service Factor at BPD,NUMBER,,X,,,,,,,,,,,,,,,,,,,,,,,,,,,,,,,,,,,,,,,,,,,,,,,,,,,,,
BPD_AC_FACTOR,Accrual Factor at BPD,NUMBER,,X,,,,,,,,,,,,,,,,,,,,,,,,,,,,,,,,,,,,,,,,,,,,,,,,,,,,,
BPD_BR,Benefit Rate at BPD,CURRENCY,,X,,,,,,,,,,,,,,,,,,,,,,,,,,,,,,,,,,,,,,,,,,,,,,,,,,,,,
BPD_ACOMP,Average Compensation at BPD,CURRENCY,,X,,,,,,,,,,,,,,,,,,,,,,,,,,,,,,,,,,,,,,,,,,,,,,,,,,,,,
BPD_CCOMP,Covered Compensation at BPD,CURRENCY,,X,,,,,,,,,,,,,,,,,,,,,,,,,,,,,,,,,,,,,,,,,,,,,,,,,,,,,
BPD_VS,Vesting Service at BPD,NUMBER,,X,,,,,,,,,,,,,,,,,,,,,,,,,,,,,,,,,,,,,,,,,,,,,,,,,,,,,
BPD_VP,Vesting Percentage at BPD,NUMBER,,X,,,,,,,,,,,,,,,,,,,,,,,,,,,,,,,,,,,,,,,,,,,,,,,,,,,,,
BPD_AMB,Accrued Monthly Benefit at BPD,CURRENCY,,X,,,,,,,,,,,,,,,,,,,,,,,,,,,,,,,,,,,,,,,,,,,,,,,,,,,,,
BPD_VB,Vested Monthly Benefit at BPD,CURRENCY,,X,,,,,,,,,,,,,,,,,,,,,,,,,,,,,,,,,,,,,,,,,,,,,,,,,,,,,
BPD_ATT,Attained Age at BPD,NUMBER,,X,,,,,,,,,,,,,,,,,,,,,,,,,,,,,,,,,,,,,,,,,,,,,,,,,,,,,
BPD_AEQ_PP_MORT,BPD Participant Mortality Table Code for NPVF for Actuarial Equivalence Calculations,TEXT,,X,,,,,,,,,,,,,,,,,,,,,,,,,,,,,,,,,,,,,,,,,,,,,,,,,,,,,
BPD_AEQ_BE_MORT,BPD Beneficiary Mortality Table Code for NPVF for Actuarial Equivalence Calculations,TEXT,,X,,,,,,,,,,,,,,,,,,,,,,,,,,,,,,,,,,,,,,,,,,,,,,,,,,,,,
BPD_AEQ_INTEREST,BPD Interest Rate Range Name for NPVF for Actuarial Equivalence Calculations,TEXT,,X,,,,,,,,,,,,,,,,,,,,,,,,,,,,,,,,,,,,,,,,,,,,,,,,,,,,,
BPD_CASH_BAL_XRD,BPD Cash Balance at XRD,CURRENCY,,X,,,,,,,,,,,,,,,,,,,,,,,,,,,,,,,,,,,,,,,,,,,,,,,,,,,,,
BPD_CASH_BAL_FACT_XRD,BPD Annuity Conversion Factor for Cash Balance at XRD,NUMBER,,X,,,,,,,,,,,,,,,,,,,,,,,,,,,,,,,,,,,,,,,,,,,,,,,,,,,,,
BPD_CASH_BAL_NRD,BPD Cash Balance at NRD,CURRENCY,,X,,,,,,,,,,,,,,,,,,,,,,,,,,,,,,,,,,,,,,,,,,,,,,,,,,,,,
BPD_CASH_BAL_FACT_NRD,BPD Annuity Conversion Factor for Cash Balance at NRD,NUMBER,,X,,,,,,,,,,,,,,,,,,,,,,,,,,,,,,,,,,,,,,,,,,,,,,,,,,,,,
BPD_CASH_BAL_EURD,BPD Cash Balance at EURD,CURRENCY,,X,,,,,,,,,,,,,,,,,,,,,,,,,,,,,,,,,,,,,,,,,,,,,,,,,,,,,
BPD_CASH_BAL_FACT_EURD,BPD Annuity Conversion Factor for Cash Balance at EURD,NUMBER,,X,,,,,,,,,,,,,,,,,,,,,,,,,,,,,,,,,,,,,,,,,,,,,,,,,,,,,
BPD_CASH_BAL_ERD,BPD Cash Balance at ERD,CURRENCY,,X,,,,,,,,,,,,,,,,,,,,,,,,,,,,,,,,,,,,,,,,,,,,,,,,,,,,,
BPD_CASH_BAL_FACT_ERD,BPD Annuity Conversion Factor for Cash Balance at ERD,NUMBER,,X,,,,,,,,,,,,,,,,,,,,,,,,,,,,,,,,,,,,,,,,,,,,,,,,,,,,,
BPD_XRD_ME,BPD Months Early at XRD,NUMBER,,X,,,,,,,,,,,,,,,,,,,,,,,,,,,,,,,,,,,,,,,,,,,,,,,,,,,,,
BPD_XRD_ERF,BPD Early Retirement Factor at XRD,NUMBER,,X,,,,,,,,,,,,,,,,,,,,,,,,,,,,,,,,,,,,,,,,,,,,,,,,,,,,,
BPD_ERD_ME,BPD Months Early at ERD,NUMBER,,X,,,,,,,,,,,,,,,,,,,,,,,,,,,,,,,,,,,,,,,,,,,,,,,,,,,,,
BPD_ERD_ERF,BPD Early Retirement Factor at ERD,NUMBER,,X,,,,,,,,,,,,,,,,,,,,,,,,,,,,,,,,,,,,,,,,,,,,,,,,,,,,,
BPD_XRD_BFCF,BPD Benefit Form Conversion Factor at XRD,NUMBER,,X,,,,,,,,,,,,,,,,,,,,,,,,,,,,,,,,,,,,,,,,,,,,,,,,,,,,,
BPD_NRD_BFCF,BPD Benefit Form Conversion Factor at NRD,NUMBER,,X,,,,,,,,,,,,,,,,,,,,,,,,,,,,,,,,,,,,,,,,,,,,,,,,,,,,,
BPD_EURD_BFCF,BPD Benefit Form Conversion Factor at EURD,NUMBER,,X,,,,,,,,,,,,,,,,,,,,,,,,,,,,,,,,,,,,,,,,,,,,,,,,,,,,,
BPD_ERD_BFCF,BPD Benefit Form Conversion Factor at ERD,NUMBER,,X,,,,,,,,,,,,,,,,,,,,,,,,,,,,,,,,,,,,,,,,,,,,,,,,,,,,,
BPD_XRD_ML,BPD Months Late at XRD,NUMBER,,X,,,,,,,,,,,,,,,,,,,,,,,,,,,,,,,,,,,,,,,,,,,,,,,,,,,,,
BPD_XRD_LRF,BPD Late Retirement Factor at XRD,NUMBER,,X,,,,,,,,,,,,,,,,,,,,,,,,,,,,,,,,,,,,,,,,,,,,,,,,,,,,,
BPD_EURD_ML,BPD Months Late at EURD,NUMBER,,X,,,,,,,,,,,,,,,,,,,,,,,,,,,,,,,,,,,,,,,,,,,,,,,,,,,,,
BPD_EURD_LRF,BPD Late Retirement Factor at EURD,NUMBER,,X,,,,,,,,,,,,,,,,,,,,,,,,,,,,,,,,,,,,,,,,,,,,,,,,,,,,,
BPD_ERD_ML,BPD Months Late at ERD,NUMBER,,X,,,,,,,,,,,,,,,,,,,,,,,,,,,,,,,,,,,,,,,,,,,,,,,,,,,,,
BPD_ERD_LRF,BPD Late Retirement Factor at ERD,NUMBER,,X,,,,,,,,,,,,,,,,,,,,,,,,,,,,,,,,,,,,,,,,,,,,,,,,,,,,,
BPD_PROJ_NRD_BEN,Projected Benefit at NRD at BPD,CURRENCY,,X,,,,,,,,,,,,,,,,,,,,,,,,,,,,,,,,,,,,,,,,,,,,,,,,,,,,,
BPD_XRD_PMB,BPD Plan Monthly Benefit at XRD,CURRENCY,,X,,,,,,,,,,,,,,,,,,,,,,,,,,,,,,,,,,,,,,,,,,,,,,,,,,,,,
BPD_NRD_PMB,BPD Plan Monthly Benefit at NRD,CURRENCY,,X,,,,,,,,,,,,,,,,,,,,,,,,,,,,,,,,,,,,,,,,,,,,,,,,,,,,,
BPD_EURD_PMB,BPD Plan Monthly Benefit at EURD,CURRENCY,,X,,,,,,,,,,,,,,,,,,,,,,,,,,,,,,,,,,,,,,,,,,,,,,,,,,,,,
BPD_ERD_PMB,BPD Plan Monthly Benefit at ERD,CURRENCY,,X,,,,,,,,,,,,,,,,,,,,,,,,,,,,,,,,,,,,,,,,,,,,,,,,,,,,,
CUSTOMER_DELETE_FLAG,Deleted record indicator (Y = deleted record).  Note records can only be added or deleted via BCV_Leo.  The system populates this fields when a record is deleted in BCV_Leo.,TEXT,,,,,,,,,,,,,,,,,,,,,,,,,,,,,,,,,,,,,,,,,,,,,,,,,,,,,,,
DATABASE_ID,"Unique system generated BCV database ID (in general each case has one database ID but to support the migration effort, the system does allow for more than one database ID for a case)",NUMBER,,,,,,,,,,,,,,,,,,,,,,,,,,,,,,,,,,,,,,,,,,,,,,,,,,,,,,,
CUSTOMER_DELETE_FLAG,Deleted record indicator (Y = deleted record).  Note records can only be added or deleted via BCV_Leo.  The system populates this fields when a record is deleted in BCV_Leo.,TEXT,,,,,,,,,,,,,,,,,,,,,,,,,,,,,,,,,,,,,,,,,,,,,,,,,,,,,,,
DATABASE_ID,"Unique system generated BCV database ID (in general each case has one database ID but to support the migration effort, the system does allow for more than one database ID for a case)",NUMBER,,,,,,,,,,,,,,,,,,,,,,,,,,,,,,,,,,,,,,,,,,,,,,,,,,,,,,,
CUSTOMER_DELETE_FLAG,Deleted record indicator (Y = deleted record).  Note records can only be added or deleted via BCV_Leo.  The system populates this fields when a record is deleted in BCV_Leo.,TEXT,,,,,,,,,,,,,,,,,,,,,,,,,,,,,,,,,,,,,,,,,,,,,,,,,,,,,,,
DATABASE_ID,"Unique system generated BCV database ID (in general each case has one database ID but to support the migration effort, the system does allow for more than one database ID for a case)",NUMBER,,,,,,,,,,,,,,,,,,,,,,,,,,,,,,,,,,,,,,,,,,,,,,,,,,,,,,,
FRSTYEAR,First Year for which Annual Salary is Available for Participant,NUMBER,X,,,,,,,,,,,,,,,,,,,,,,,,,,,,,,,,,,,,,,,,,,,,,,,,,,,,,,
LASTYEAR,Last Year (most recent) for which Annual Salary is Available for Participant,NUMBER,X,,,,,,,,,,,,,,,,,,,,,,,,,,,,,,,,,,,,,,,,,,,,,,,,,,,,,,
ANNACT,"Salary Indicator for Last Year's Salary (A=Actual Salary, B=Annualized Salary)",TEXT,X,,,,,,,,,,,,,,,,,,,,,,,,,,,,,,,,,,,,,,,,,,,,,,,,,,,,,,
SALARYDESC,"Describes the Salary Data Source (W-2, Payroll Records, etc.) ",TEXT,X,,,,,,,,,,,,,,,,,,,,,,,,,,,,,,,,,,,,,,,,,,,,,,,,,,,,,,
CUSTOMER_DELETE_FLAG,Deleted record indicator (Y = deleted record).  Note records can only be added or deleted via BCV_Leo.  The system populates this fields when a record is deleted in BCV_Leo.,TEXT,,,,,,,,,,,,,,,,,,,,,,,,,,,,,,,,,,,,,,,,,,,,,,,,,,,,,,,
DATABASE_ID,"Unique system generated BCV database ID (in general each case has one database ID but to support the migration effort, the system does allow for more than one database ID for a case)",NUMBER,,,,,,,,,,,,,,,,,,,,,,,,,,,,,,,,,,,,,,,,,,,,,,,,,,,,,,,
DOR,"Participant's Actual Retirement Date (ARD) - if the participant is receiving an auxiliary disability benefit at DOPT, this field should contain the post-DOPT commencement date of the non-disability benefit and the commencment date for the auxiliary disability benefit should be stored in the field C3.AUX_DIS_COMMENCE_DATE.",DATE/TIME,X,,,,,,,,,,,,,,,,,,,,,,,,,,,,,,,,,,,,,,,,,,,,,,,,,,,,,,
SBCD,Beneficiary's Benefit Commencement Date,DATE/TIME,X,,,,,,,,,,,,,,,,,,,,,,,,,,,,,,,,,,,,,,,,,,,,,,,,,,,,,,
SD_LEV_ARD,Start Date of Primary Level Life ARD Benefit,DATE/TIME,,X,,,,,,,,,,,,,,,,,,,,,,,,,,,,,,,,,,,,,,,,,,,,,,,,,,,,,
ED_LEV_ARD,End Date (last day benefit payable) of Primary Level Life ARD Benefit (Life=12/01/2099),DATE/TIME,,X,,,,,,,,,,,,,,,,,,,,,,,,,,,,,,,,,,,,,,,,,,,,,,,,,,,,,
AA_ARD,Participant's Attained Age at ARD,NUMBER,,X,,,,,,,,,,,,,,,,,,,,,,,,,,,,,,,,,,,,,,,,,,,,,,,,,,,,,
SAA_ARD,Beneficiary's Attained Age at ARD,NUMBER,,X,,,,,,,,,,,,,,,,,,,,,,,,,,,,,,,,,,,,,,,,,,,,,,,,,,,,,
ARA,Participant's Actual Retirement Age (age nearest birthday),NUMBER,,X,,,,,,,,,,,,,,,,,,,,,,,,,,,,,,,,,,,,,,,,,,,,,,,,,,,,,
SARA,Beneficiary's Age at Participant's ARD (age nearest birthday),NUMBER,,X,,,,,,,,,,,,,,,,,,,,,,,,,,,,,,,,,,,,,,,,,,,,,,,,,,,,,
SA_LEV_ARD,Starting Age Nearest Birthday of the Primary Level Life ARD Benefit,NUMBER,,X,,,,,,,,,,,,,,,,,,,,,,,,,,,,,,,,,,,,,,,,,,,,,,,,,,,,,
EA_LEV_ARD,Ending Age Nearest Birthday of the Primary Level Life ARD Benefit (Life=999),NUMBER,,X,,,,,,,,,,,,,,,,,,,,,,,,,,,,,,,,,,,,,,,,,,,,,,,,,,,,,
RETTYP,"Type of Retirement (NR=Normal, ER=Early, DR=Disabled w/SS, DS=Disabled w/o SS, LR=Late, SB=Survivor Benefit)",TEXT,,X,,,,,,,,,,,,,,,,,,,,,,,,,,,,,,,,,,,,,,,,,,,,,,,,,,,,,
FORM_CODE_ARD,"Primary Level Life ARD Benefit Form (Same codes as FORM_CODE in C1 table; for a beneficiary record this is the form payable to the survivor or beneficiary, not the original benefit form payable to the participant).
For a participant record, this field is always populated based on the form of annuity of the ARD benefit commneced by the participant.
If participant dies before retiring and after DOPT and spouse then commences a QPSA benefit, this field is left blank (form of annuity for QPSA benefit commenced is stored in C9.FORM_CODE_DEATH field).
If the participant is receiving an auxiliary disability benefit at DOPT, this field should contain the form of annuity for the non-disability benefit commenced after DOPT (we assume a temporary life form of annuity for the auxiliary disability benefit).",TEXT,X,,,,,,,,,,,,,,,,,,,,,,,,,,,,,,,,,,,,,,,,,,,,,,,,,,,,,,
VPPA,Plan Administrator's Calculated Vesting Percentage,NUMBER,X,,,,,,,,,,,,,,,,,,,,,,,,,,,,,,,,,,,,,,,,,,,,,,,,,,,,,,
SPC_ARD,"Survivor Percent of Primary Level Life ARD Benefit Form (Enter as decimal, e.g. 0.5, not 50; this field is required if Form_Code_ARD = 0, 8, 9, A, B, C, D, E, F, G, or H; always 0 for beneficiary record) ",NUMBER,X,,,,,,,,,,,,,,,,,,,,,,,,,,,,,,,,,,,,,,,,,,,,,,,,,,,,,,
MTHS_ARD,"Original Number of Months Certain in the Primary Level Life ARD Benefit Form (This field is required if FORM_CODE_ARD = 1, 4, 5, 6, A, B, C, D, or E)",NUMBER,X,,,,,,,,,,,,,,,,,,,,,,,,,,,,,,,,,,,,,,,,,,,,,,,,,,,,,,
BFCF_ARD,ARD Benefit Form Conversion Factor (from plan administrator calculation for pre-DOPT retiree),NUMBER,X,,,,,,,,,,,,,,,,,,,,,,,,,,,,,,,,,,,,,,,,,,,,,,,,,,,,,,
ME_ARD,Number of Months Early at ARD (from plan administrator calculation for pre-DOPT retiree),NUMBER,X,,,,,,,,,,,,,,,,,,,,,,,,,,,,,,,,,,,,,,,,,,,,,,,,,,,,,,
ERF_ARD,Early Retirement Factor Used at ARD (from plan administrator calculation for pre-DOPT retiree),NUMBER,X,,,,,,,,,,,,,,,,,,,,,,,,,,,,,,,,,,,,,,,,,,,,,,,,,,,,,,
POPLIM_ARD,Amount that ARD Benefit Pops Up To When the ARD Form is J&S Popup (from plan administrator calculation for pre-DOPT retiree),CURRENCY,X,,,,,,,,,,,,,,,,,,,,,,,,,,,,,,,,,,,,,,,,,,,,,,,,,,,,,,
PAY_AMT1,Estimated Payment Amount (before any cutback or adjustment),NUMBER,X,,,,,,,,,,,,,,,,,,,,,,,,,,,,,,,,,,,,,,,,,,,,,,,,,,,,,,
BD_PAY_AMT1,Begin Date for Benefit in PAY_AMT1,DATE/TIME,X,,,,,,,,,,,,,,,,,,,,,,,,,,,,,,,,,,,,,,,,,,,,,,,,,,,,,,
ED_PAY_AMT1,End Date for Benefit in PAY_AMT1,DATE/TIME,X,,,,,,,,,,,,,,,,,,,,,,,,,,,,,,,,,,,,,,,,,,,,,,,,,,,,,,
PAY_AMT2,Estimated Payment Amount (after any cutback or adjustment),NUMBER,X,,,,,,,,,,,,,,,,,,,,,,,,,,,,,,,,,,,,,,,,,,,,,,,,,,,,,,
BD_PAY_AMT2,Begin Date for Benefit in PAY_AMT2,DATE/TIME,X,,,,,,,,,,,,,,,,,,,,,,,,,,,,,,,,,,,,,,,,,,,,,,,,,,,,,,
ED_PAY_AMT2,End Date for Benefit in PAY_AMT2,DATE/TIME,X,,,,,,,,,,,,,,,,,,,,,,,,,,,,,,,,,,,,,,,,,,,,,,,,,,,,,,
LEV_MB_ARD,Primary Level Life ARD Benefit in Pay-status (for Summary section of BD Statement),CURRENCY,X,,,,,,,,,,,,,,,,,,,,,,,,,,,,,,,,,,,,,,,,,,,,,,,,,,,,,,
TERM_MB_ARD,"Primary Level Life Calculated ARD Termination Benefit
For participants in pay with a PBGC optional form of annuity, this is the benefit amount in the plan normal form of annuity.
This is the termination benefit calculated even if the benefit in pay is not being reduced due to the tolerance rules.",CURRENCY,,X,,,,,,,,,,,,,,,,,,,,,,,,,,,,,,,,,,,,,,,,,,,,,,,,,,,,,
RBD_DT,Participant's Required Beginning Date (regardless of record type),DATE/TIME,,X,,,,,,,,,,,,,,,,,,,,,,,,,,,,,,,,,,,,,,,,,,,,,,,,,,,,,
RBD_MB_TITLE_IV,Title IV Monthly Benefit at RBD (used for bulk recalculation RBD test - only needs to be populated for deferred records - should be in the form of annuity used for XRD_MB_TITLE_IV),NUMBER,,X,,,,,,,,,,,,,,,,,,,,,,,,,,,,,,,,,,,,,,,,,,,,,,,,,,,,,
RBD_MB_4022C,4022(c) Monthly Benefit at RBD (used for bulk recalculation RBD test - only needs to be populated for deferred records - should be in the form of annuity used for XRD_MB_4022C),NUMBER,,X,,,,,,,,,,,,,,,,,,,,,,,,,,,,,,,,,,,,,,,,,,,,,,,,,,,,,
RBD_MB_TERM,Termination Monthly Benefit at RBD (used for bulk recalculation RBD test - only needs to be populated for deferred records - should be in the form of annuity used for XRD_MB_TERM),NUMBER,,X,,,,,,,,,,,,,,,,,,,,,,,,,,,,,,,,,,,,,,,,,,,,,,,,,,,,,
TERM_MB_ARD_FF,"Termination Monthly Benefit at DOR in the Final Form of Annuity Elected by the Participant (if the participant elected a PBGC optional form of annuity, this amount may differ from TERM_MB_ARD)",NUMBER,,X,,,,,,,,,,,,,,,,,,,,,,,,,,,,,,,,,,,,,,,,,,,,,,,,,,,,,
AUX_DIS_COMMENCE_DATE,"Commencement Date for Auxiliary Disability Benefit (note if the participant is receiving auxiliary disability benefit at DOPT, DOR is used for commencment date of non-disability benefit)",DATE/TIME,X,,,,,,,,,,,,,,,,,,,,,,,,,,,,,,,,,,,,,,,,,,,,,,,,,,,,,,
FORM_CODE_QPSA,"Form of Annuity Code for QPSA Benefit (1=Installment Refund, 2=SLA, 3=Modified Cash Refund, 4=Certain Only, 5=C&C, 6=Temporary) - only needs to be populated for deferred participant records valued as married
For participant records for which the participant died after DOPT and the lump sum value is greater than $5,000 and there is actual surviving spouse data available and the surviving spouse is still deferred the amount in this field gets populated into the FORM_CODE field of the beneficiary record created by Data Validation which is then loaded to Genesis.",SHORT TEXT,,X,,,,,,,,,,,,,,,,,,,,,,,,,,,,,,,,,,,,,,,,,,,,,,,,,,,,,
MTHS_QPSA,Months Certain for QPSA Benefit - only needs to be populated for deferred participant records valued as married - would be populated if FORM_CODE_QPSA is populated with 4 or 5,NUMBER,,X,,,,,,,,,,,,,,,,,,,,,,,,,,,,,,,,,,,,,,,,,,,,,,,,,,,,,
TEMP_QPSA,Months Temporary for QPSA Benefit - only needs to be populated for deferred participant records valued as married - would be populated if FORM_CODE_QPSA is populated with 6,NUMBER,,X,,,,,,,,,,,,,,,,,,,,,,,,,,,,,,,,,,,,,,,,,,,,,,,,,,,,,
RETRO_DOR,Retroactive retirement date for BD Benefit Statement - only populated if payee is eligible for a retroactive retirement when we issue BD that is not the required begin date,DATE/TIME,,X,,,,,,,,,,,,,,,,,,,,,,,,,,,,,,,,,,,,,,,,,,,,,,,,,,,,,
RETRO_MB_TITLE_IV,Title IV Monthly Benefit at Payee's Retroactive Retirement Date - only populated if payee is eligible for a retroactive retirement when we issue BD that is not the required begin date,NUMBER,,X,,,,,,,,,,,,,,,,,,,,,,,,,,,,,,,,,,,,,,,,,,,,,,,,,,,,,
RETRO_MB_4022C,4022(c) Monthly Benefit at Payee's Retroactive Retirement Date - only populated if payee is eligible for a retroactive retirement when we issue BD that is not the required begin date,NUMBER,,X,,,,,,,,,,,,,,,,,,,,,,,,,,,,,,,,,,,,,,,,,,,,,,,,,,,,,
RETRO_MB_TERM,Termination Monthly Benefit at Payee's Retroactive Retirement Date - only populated if payee is eligible for a retroactive retirement when we issue BD that is not the required begin date,NUMBER,,X,,,,,,,,,,,,,,,,,,,,,,,,,,,,,,,,,,,,,,,,,,,,,,,,,,,,,
RETRO_SURV_MB_TERM,Termination Survivor Monthly Benefit at Payee's Retroactive Retirement Date - only populated if payee is eligible for a retroactive retirement when we issue BD that is not the required begin date,NUMBER,,X,,,,,,,,,,,,,,,,,,,,,,,,,,,,,,,,,,,,,,,,,,,,,,,,,,,,,
RBD_SURV_MB_TERM,Termination Survivor Monthly Benefit at RBD (used for bulk recalculation RBD test - only needs to be populated for participants who died after RBD and beneficiary is deferred),NUMBER,,X,,,,,,,,,,,,,,,,,,,,,,,,,,,,,,,,,,,,,,,,,,,,,,,,,,,,,
IPVFB_IND,"IPVFB Supplemental Table Load Indicator (A - Add Record to IPVFB Supplemental Table, D - Delete Record from IPVFB Supplemental Table, U - Update Record in IPVFB Supplemental Table, N or NULL no change to record in IPVFB Supplemental Table)",SHORT TEXT,,X,,,,,,,,,,,,,,,,,,,,,,,,,,,,,,,,,,,,,,,,,,,,,,,,,,,,,
EMPLOYEE_BENEFIT,Plan Accrued Benefit Provided by Employee Contributions (used when participant has EEC's),NUMBER,,X,,,,,,,,,,,,,,,,,,,,,,,,,,,,,,,,,,,,,,,,,,,,,,,,,,,,,
EMPLOYER_BENEFIT,Plan Accrued Benefit Provided by Employer (used when participant has EEC's),NUMBER,,X,,,,,,,,,,,,,,,,,,,,,,,,,,,,,,,,,,,,,,,,,,,,,,,,,,,,,
XRD_PMB_RESIDUAL,"Residual Plan Monthly Benefit at XRD (used when there is a partial post-DOPT distribution, e.g. EEC withdrawal, partial lump sum, etc.)",NUMBER,,X,,,,,,,,,,,,,,,,,,,,,,,,,,,,,,,,,,,,,,,,,,,,,,,,,,,,,
XRD_MB_TITLE_IV_RESIDUAL,"Residual Title IV Monthly Benefit at XRD (used when there is a partial post-DOPT distribution, e.g. EEC withdrawal, partial lump sum, etc.)",NUMBER,,X,,,,,,,,,,,,,,,,,,,,,,,,,,,,,,,,,,,,,,,,,,,,,,,,,,,,,
XRD_MB_4022C_RESIDUAL,"Residual 4022(c) Monthly Benefit at XRD (used when there is a partial post-DOPT distribution, e.g. EEC withdrawal, partial lump sum, etc.)",NUMBER,,X,,,,,,,,,,,,,,,,,,,,,,,,,,,,,,,,,,,,,,,,,,,,,,,,,,,,,
XRD_MB_TERM_RESIDUAL,"Residual Termination Monthly Benefit at XRD (used when there is a partial post-DOPT distribution, e.g. EEC withdrawal, partial lump sum, etc.)",NUMBER,,X,,,,,,,,,,,,,,,,,,,,,,,,,,,,,,,,,,,,,,,,,,,,,,,,,,,,,
TERM_MB_POPUP_RESIDUAL,"Residual Termination Monthly Benefit at XRD Payable if Beneficiary Dies Before Participant (used when there is a partial post-DOPT distribution, e.g. EEC withdrawal, partial lump sum, etc. and the form is J&S Popup)",NUMBER,,X,,,,,,,,,,,,,,,,,,,,,,,,,,,,,,,,,,,,,,,,,,,,,,,,,,,,,
XRD_SURV_MB_TERM_RESIDUAL,"Residual Termination Survivor Monthly Benefit at XRD (used when there is a partial post-DOPT distribution, e.g. EEC withdrawal, partial lump sum, etc.)",NUMBER,,X,,,,,,,,,,,,,,,,,,,,,,,,,,,,,,,,,,,,,,,,,,,,,,,,,,,,,
XRD_MB_QPSA_TERM_RESIDUAL,"Residual Termination QPSA Monthly Benefit at XRD (used when there is a partial post-DOPT distribution, e.g. EEC withdrawal, partial lump sum, etc.)",NUMBER,,X,,,,,,,,,,,,,,,,,,,,,,,,,,,,,,,,,,,,,,,,,,,,,,,,,,,,,
TERM_MB_NSF_RESIDUAL,"Residual Termination Monthly Benefit in the Normal Single Form of Annuity for PBGC Optional Forms of Annuity Output (used when there is a partial post-DOPT distribution, e.g. EEC withdrawal, partial lump sum, etc.)",NUMBER,,X,,,,,,,,,,,,,,,,,,,,,,,,,,,,,,,,,,,,,,,,,,,,,,,,,,,,,
PBGC_OPT_SLA_RESIDUAL,"Residual PBGC Optional Straight Life Annuity Benefit Amount (used when there is a partial post-DOPT distribution, e.g. EEC withdrawal, partial lump sum, etc.)",NUMBER,,X,,,,,,,,,,,,,,,,,,,,,,,,,,,,,,,,,,,,,,,,,,,,,,,,,,,,,
PBGC_OPT_5CC_RESIDUAL,"Residual PBGC Optional 5-Year Certain and Continuous Annuity Benefit Amount (used when there is a partial post-DOPT distribution, e.g. EEC withdrawal, partial lump sum, etc.)",NUMBER,,X,,,,,,,,,,,,,,,,,,,,,,,,,,,,,,,,,,,,,,,,,,,,,,,,,,,,,
PBGC_OPT_10CC_RESIDUAL,"Residual PBGC Optional 10-Year Certain and Continuous Annuity Benefit Amount (used when there is a partial post-DOPT distribution, e.g. EEC withdrawal, partial lump sum, etc.)",NUMBER,,X,,,,,,,,,,,,,,,,,,,,,,,,,,,,,,,,,,,,,,,,,,,,,,,,,,,,,
PBGC_OPT_15CC_RESIDUAL,"Residual PBGC Optional 15-Year Certain and Continuous Annuity Benefit Amount (used when there is a partial post-DOPT distribution, e.g. EEC withdrawal, partial lump sum, etc.)",NUMBER,,X,,,,,,,,,,,,,,,,,,,,,,,,,,,,,,,,,,,,,,,,,,,,,,,,,,,,,
PBGC_OPT_JS50_RESIDUAL,"Residual PBGC Optional Joint and 50% Survivor Annuity Benefit Amount (used when there is a partial post-DOPT distribution, e.g. EEC withdrawal, partial lump sum, etc.)",NUMBER,,X,,,,,,,,,,,,,,,,,,,,,,,,,,,,,,,,,,,,,,,,,,,,,,,,,,,,,
PBGC_OPT_JS75_RESIDUAL,"Residual PBGC Optional Joint and 75% Survivor Annuity Benefit Amount (used when there is a partial post-DOPT distribution, e.g. EEC withdrawal, partial lump sum, etc.)",NUMBER,,X,,,,,,,,,,,,,,,,,,,,,,,,,,,,,,,,,,,,,,,,,,,,,,,,,,,,,
PBGC_OPT_JS100_RESIDUAL,"Residual PBGC Optional Joint and 100% Survivor Annuity Benefit Amount (used when there is a partial post-DOPT distribution, e.g. EEC withdrawal, partial lump sum, etc.)",NUMBER,,X,,,,,,,,,,,,,,,,,,,,,,,,,,,,,,,,,,,,,,,,,,,,,,,,,,,,,
PBGC_OPT_JSPOPUP_RESIDUAL,"Residual PBGC Optional Joint and 50% Survivor Popup Annuity Benefit Amount (used when there is a partial post-DOPT distribution, e.g. EEC withdrawal, partial lump sum, etc.)",NUMBER,,X,,,,,,,,,,,,,,,,,,,,,,,,,,,,,,,,,,,,,,,,,,,,,,,,,,,,,
LS_TERM_RESIDUAL,"Residual Lump Sum Value at DOPT (used when there is a partial post-DOPT distribution, e.g. EEC withdrawal, partial lump sum, etc.) - calculated with lump sum assumptions - excludes QPSA and interest after DOPT",NUMBER,,X,,,,,,,,,,,,,,,,,,,,,,,,,,,,,,,,,,,,,,,,,,,,,,,,,,,,,
LS_QPSA_RESIDUAL,"Residual Lump Sum Value of QPSA Benefit at DOPT (used when there is a partial post-DOPT distribution, e.g. EEC withdrawal, partial lump sum, etc.)",NUMBER,,X,,,,,,,,,,,,,,,,,,,,,,,,,,,,,,,,,,,,,,,,,,,,,,,,,,,,,
LS_EST_AMT,Estimated Lump Sum Paid After DOPT - this field is for de minimis lump sum payments,NUMBER,X,,,,,,,,,,,,,,,,,,,,,,,,,,,,,,,,,,,,,,,,,,,,,,,,,,,,,,
LS_EST_DATE,Date on which estimated lump sum was paid after DOPT,DATE/TIME,X,,,,,,,,,,,,,,,,,,,,,,,,,,,,,,,,,,,,,,,,,,,,,,,,,,,,,,
PARTIAL_DIST_AMT,Amount of Partial Distribution After DOPT (e.g. participant paid cash balance benefit but still has deferred traditional DB benefit).,NUMBER,X,,,,,,,,,,,,,,,,,,,,,,,,,,,,,,,,,,,,,,,,,,,,,,,,,,,,,,
PARTIAL_DIST_DATE,Date on which Partial Distribution was made after DOPT,DATE/TIME,X,,,,,,,,,,,,,,,,,,,,,,,,,,,,,,,,,,,,,,,,,,,,,,,,,,,,,,
FORM_CODE_PTP_QPSA,"Form code (same codes as FORM_CODE but usually a '9' or '0') for the form of annuity upon which the QPSA benefit is based.  In most cases this value will match the value in FORM_CODE_NMF, i.e. the form code for the QJSA annuity.",TEXT,,X,,,,,,,,,,,,,,,,,,,,,,,,,,,,,,,,,,,,,,,,,,,,,,,,,,,,,
SPC_PTP_QPSA,"Survivor percentage (usually between 0.5 and 1.0) for the form of annuity upon which the QPSA benefit is based.  In most cases this value will match the value in SPCNMF, i.e. the survivor percentage for the QJSA annuity.",NUMBER,,X,,,,,,,,,,,,,,,,,,,,,,,,,,,,,,,,,,,,,,,,,,,,,,,,,,,,,
MTHS_PTP_QPSA,"Months certain (usually between 0 and 120) for the form of annuity upon which the QPSA benefit is based.  In most cases this value will match the value in MTHSNMF, i.e. the months cerain for the QJSA annuity.",NUMBER,,X,,,,,,,,,,,,,,,,,,,,,,,,,,,,,,,,,,,,,,,,,,,,,,,,,,,,,
MANDCWI_XRD,Balance of Mandatory Contributions with Interest at XRD,CURRENCY,,X,,,,,,,,,,,,,,,,,,,,,,,,,,,,,,,,,,,,,,,,,,,,,,,,,,,,,
MANDCWI_NRD,Balance of Mandatory Contributions with Interest at NRD,CURRENCY,,X,,,,,,,,,,,,,,,,,,,,,,,,,,,,,,,,,,,,,,,,,,,,,,,,,,,,,
MANDCWI_ERD,Balance of Mandatory Contributions with Interest at ERD,CURRENCY,,X,,,,,,,,,,,,,,,,,,,,,,,,,,,,,,,,,,,,,,,,,,,,,,,,,,,,,
MANDCWI_EURD,Balance of Mandatory Contributions with Interest at EURD,CURRENCY,,X,,,,,,,,,,,,,,,,,,,,,,,,,,,,,,,,,,,,,,,,,,,,,,,,,,,,,
MANDCWI_DOR,Balance of Mandatory Contributions with Interest at DOR,CURRENCY,X,X,,,,,,,,,,,,,,,,,,,,,,,,,,,,,,,,,,,,,,,,,,,,,,,,,,,,,
PC2_LEVEL_QPSA_MB,PC2 QPSA Monthly Benefit at XRD - only needs to be populated for deferred records that are being valued as married.,CURRENCY,,X,,,,,,,,,,,,,,,,,,,,,,,,,,,,,,,,,,,,,,,,,,,,,,,,,,,,,
EEC_RET_DATE,Employee Contributions Return Date,DATE/TIME,X,,,,,,,,,,,,,,,,,,,,,,,,,,,,,,,,,,,,,,,,,,,,,,,,,,,,,,
CUSTOMER_DELETE_FLAG,Deleted record indicator (Y = deleted record).  Note records can only be added or deleted via BCV_Leo.  The system populates this fields when a record is deleted in BCV_Leo.,TEXT,,,,,,,,,,,,,,,,,,,,,,,,,,,,,,,,,,,,,,,,,,,,,,,,,,,,,,,
DATABASE_ID,"Unique system generated BCV database ID (in general each case has one database ID but to support the migration effort, the system does allow for more than one database ID for a case)",NUMBER,,,,,,,,,,,,,,,,,,,,,,,,,,,,,,,,,,,,,,,,,,,,,,,,,,,,,,,
BS_IND1,"Benefit Statement Indicator - Y or R statement can be generated in BSRS/BET program (N is assumed if not populated).  The header on the BD statement and worksheet generated through either individual or bulk processing will include the work ""Revised"" when the field is populated with R instead of Y.  Only used when there are multiple BSRS/BET programs tied to one DBID which is unusual.  The actuary selects the BS_IND# and BR_IND# set for each BSRS/BET program.",,,X,,,,,,,,,,,,,,,,,,,,,,,,,,,,,,,,,,,,,,,,,,,,,,,,,,,,,
BR_IND1,Benefit Recalculation Indicator - Y recalculation/calculation can be generated in BSRS/BET program (N is assumed if not populated).  Only used when there are multiple BSRS/BET programs tied to one DBID which is unusual.  The actuary selects the BS_IND# and BR_IND# set for each BSRS/BET program.,,,X,,,,,,,,,,,,,,,,,,,,,,,,,,,,,,,,,,,,,,,,,,,,,,,,,,,,,
BS_IND2,"Benefit Statement Indicator - Y or R statement can be generated in BSRS/BET program (N is assumed if not populated).  The header on the BD statement and worksheet generated through either individual or bulk processing will include the work ""Revised"" when the field is populated with R instead of Y.  Only used when there are multiple BSRS/BET programs tied to one DBID which is unusual.  The actuary selects the BS_IND# and BR_IND# set for each BSRS/BET program.",,,X,,,,,,,,,,,,,,,,,,,,,,,,,,,,,,,,,,,,,,,,,,,,,,,,,,,,,
BR_IND2,Benefit Recalculation Indicator - Y recalculation/calculation can be generated in BSRS/BET program (N is assumed if not populated).  Only used when there are multiple BSRS/BET programs tied to one DBID which is unusual.  The actuary selects the BS_IND# and BR_IND# set for each BSRS/BET program.,,,X,,,,,,,,,,,,,,,,,,,,,,,,,,,,,,,,,,,,,,,,,,,,,,,,,,,,,
BS_IND3,"Benefit Statement Indicator - Y or R statement can be generated in BSRS/BET program (N is assumed if not populated).  The header on the BD statement and worksheet generated through either individual or bulk processing will include the work ""Revised"" when the field is populated with R instead of Y.  Only used when there are multiple BSRS/BET programs tied to one DBID which is unusual.  The actuary selects the BS_IND# and BR_IND# set for each BSRS/BET program.",,,X,,,,,,,,,,,,,,,,,,,,,,,,,,,,,,,,,,,,,,,,,,,,,,,,,,,,,
BR_IND3,Benefit Recalculation Indicator - Y recalculation/calculation can be generated in BSRS/BET program (N is assumed if not populated).  Only used when there are multiple BSRS/BET programs tied to one DBID which is unusual.  The actuary selects the BS_IND# and BR_IND# set for each BSRS/BET program.,,,X,,,,,,,,,,,,,,,,,,,,,,,,,,,,,,,,,,,,,,,,,,,,,,,,,,,,,
BS_IND4,"Benefit Statement Indicator - Y or R statement can be generated in BSRS/BET program (N is assumed if not populated).  The header on the BD statement and worksheet generated through either individual or bulk processing will include the work ""Revised"" when the field is populated with R instead of Y.  Only used when there are multiple BSRS/BET programs tied to one DBID which is unusual.  The actuary selects the BS_IND# and BR_IND# set for each BSRS/BET program.",,,X,,,,,,,,,,,,,,,,,,,,,,,,,,,,,,,,,,,,,,,,,,,,,,,,,,,,,
BR_IND4,Benefit Recalculation Indicator - Y recalculation/calculation can be generated in BSRS/BET program (N is assumed if not populated).  Only used when there are multiple BSRS/BET programs tied to one DBID which is unusual.  The actuary selects the BS_IND# and BR_IND# set for each BSRS/BET program.,,,X,,,,,,,,,,,,,,,,,,,,,,,,,,,,,,,,,,,,,,,,,,,,,,,,,,,,,
BS_IND5,"Benefit Statement Indicator - Y or R statement can be generated in BSRS/BET program (N is assumed if not populated).  The header on the BD statement and worksheet generated through either individual or bulk processing will include the work ""Revised"" when the field is populated with R instead of Y.  Only used when there are multiple BSRS/BET programs tied to one DBID which is unusual.  The actuary selects the BS_IND# and BR_IND# set for each BSRS/BET program.",,,X,,,,,,,,,,,,,,,,,,,,,,,,,,,,,,,,,,,,,,,,,,,,,,,,,,,,,
BR_IND5,Benefit Recalculation Indicator - Y recalculation/calculation can be generated in BSRS/BET program (N is assumed if not populated).  Only used when there are multiple BSRS/BET programs tied to one DBID which is unusual.  The actuary selects the BS_IND# and BR_IND# set for each BSRS/BET program.,,,X,,,,,,,,,,,,,,,,,,,,,,,,,,,,,,,,,,,,,,,,,,,,,,,,,,,,,
BS_IND6,"Benefit Statement Indicator - Y or R statement can be generated in BSRS/BET program (N is assumed if not populated).  The header on the BD statement and worksheet generated through either individual or bulk processing will include the work ""Revised"" when the field is populated with R instead of Y.  Only used when there are multiple BSRS/BET programs tied to one DBID which is unusual.  The actuary selects the BS_IND# and BR_IND# set for each BSRS/BET program.",,,X,,,,,,,,,,,,,,,,,,,,,,,,,,,,,,,,,,,,,,,,,,,,,,,,,,,,,
BR_IND6,Benefit Recalculation Indicator - Y recalculation/calculation can be generated in BSRS/BET program (N is assumed if not populated).  Only used when there are multiple BSRS/BET programs tied to one DBID which is unusual.  The actuary selects the BS_IND# and BR_IND# set for each BSRS/BET program.,,,X,,,,,,,,,,,,,,,,,,,,,,,,,,,,,,,,,,,,,,,,,,,,,,,,,,,,,
BS_IND7,"Benefit Statement Indicator - Y or R statement can be generated in BSRS/BET program (N is assumed if not populated).  The header on the BD statement and worksheet generated through either individual or bulk processing will include the work ""Revised"" when the field is populated with R instead of Y.  Only used when there are multiple BSRS/BET programs tied to one DBID which is unusual.  The actuary selects the BS_IND# and BR_IND# set for each BSRS/BET program.",,,X,,,,,,,,,,,,,,,,,,,,,,,,,,,,,,,,,,,,,,,,,,,,,,,,,,,,,
BR_IND7,Benefit Recalculation Indicator - Y recalculation/calculation can be generated in BSRS/BET program (N is assumed if not populated).  Only used when there are multiple BSRS/BET programs tied to one DBID which is unusual.  The actuary selects the BS_IND# and BR_IND# set for each BSRS/BET program.,,,X,,,,,,,,,,,,,,,,,,,,,,,,,,,,,,,,,,,,,,,,,,,,,,,,,,,,,
BS_IND8,"Benefit Statement Indicator - Y or R statement can be generated in BSRS/BET program (N is assumed if not populated).  The header on the BD statement and worksheet generated through either individual or bulk processing will include the work ""Revised"" when the field is populated with R instead of Y.  Only used when there are multiple BSRS/BET programs tied to one DBID which is unusual.  The actuary selects the BS_IND# and BR_IND# set for each BSRS/BET program.",,,X,,,,,,,,,,,,,,,,,,,,,,,,,,,,,,,,,,,,,,,,,,,,,,,,,,,,,
BR_IND8,Benefit Recalculation Indicator - Y recalculation/calculation can be generated in BSRS/BET program (N is assumed if not populated).  Only used when there are multiple BSRS/BET programs tied to one DBID which is unusual.  The actuary selects the BS_IND# and BR_IND# set for each BSRS/BET program.,,,X,,,,,,,,,,,,,,,,,,,,,,,,,,,,,,,,,,,,,,,,,,,,,,,,,,,,,
BS_IND9,"Benefit Statement Indicator - Y or R statement can be generated in BSRS/BET program (N is assumed if not populated).  The header on the BD statement and worksheet generated through either individual or bulk processing will include the work ""Revised"" when the field is populated with R instead of Y.  Only used when there are multiple BSRS/BET programs tied to one DBID which is unusual.  The actuary selects the BS_IND# and BR_IND# set for each BSRS/BET program.",,,X,,,,,,,,,,,,,,,,,,,,,,,,,,,,,,,,,,,,,,,,,,,,,,,,,,,,,
BR_IND9,Benefit Recalculation Indicator - Y recalculation/calculation can be generated in BSRS/BET program (N is assumed if not populated).  Only used when there are multiple BSRS/BET programs tied to one DBID which is unusual.  The actuary selects the BS_IND# and BR_IND# set for each BSRS/BET program.,,,X,,,,,,,,,,,,,,,,,,,,,,,,,,,,,,,,,,,,,,,,,,,,,,,,,,,,,
BS_IND10,"Benefit Statement Indicator - Y or R statement can be generated in BSRS/BET program (N is assumed if not populated).  The header on the BD statement and worksheet generated through either individual or bulk processing will include the work ""Revised"" when the field is populated with R instead of Y.  Only used when there are multiple BSRS/BET programs tied to one DBID which is unusual.  The actuary selects the BS_IND# and BR_IND# set for each BSRS/BET program.",,,X,,,,,,,,,,,,,,,,,,,,,,,,,,,,,,,,,,,,,,,,,,,,,,,,,,,,,
BR_IND10,Benefit Recalculation Indicator - Y recalculation/calculation can be generated in BSRS/BET program (N is assumed if not populated).  Only used when there are multiple BSRS/BET programs tied to one DBID which is unusual.  The actuary selects the BS_IND# and BR_IND# set for each BSRS/BET program.,,,X,,,,,,,,,,,,,,,,,,,,,,,,,,,,,,,,,,,,,,,,,,,,,,,,,,,,,
BD_ERD_SUPP1,Start Date of the 1st ERD Supplement,DATE/TIME,,X,,,,,,,,,,,,,,,,,,,,,,,,,,,,,,,,,,,,,,,,,,,,,,,,,,,,,
ED_ERD_SUPP1,End Date (last day benefit payable) of the 1st ERD Supplement (Life=12/01/2099),DATE/TIME,,X,,,,,,,,,,,,,,,,,,,,,,,,,,,,,,,,,,,,,,,,,,,,,,,,,,,,,
BD_ERD_SUPP2,Start Date of the 2nd ERD Supplement,DATE/TIME,,X,,,,,,,,,,,,,,,,,,,,,,,,,,,,,,,,,,,,,,,,,,,,,,,,,,,,,
ED_ERD_SUPP2,End Date (last day benefit payable) of the 2nd ERD Supplement (Life=12/01/2099),DATE/TIME,,X,,,,,,,,,,,,,,,,,,,,,,,,,,,,,,,,,,,,,,,,,,,,,,,,,,,,,
BD_ERD_SUPP3,Start Date of the 3rd ERD Supplement,DATE/TIME,,X,,,,,,,,,,,,,,,,,,,,,,,,,,,,,,,,,,,,,,,,,,,,,,,,,,,,,
ED_ERD_SUPP3,End Date (last day benefit payable) of the 3rd ERD Supplement (Life=12/01/2099),DATE/TIME,,X,,,,,,,,,,,,,,,,,,,,,,,,,,,,,,,,,,,,,,,,,,,,,,,,,,,,,
BD_ERD_MED,Start Date of the ERD Medicare Benefit,DATE/TIME,,X,,,,,,,,,,,,,,,,,,,,,,,,,,,,,,,,,,,,,,,,,,,,,,,,,,,,,
ED_ERD_MED,End Date (last day benefit payable) of the ERD Medicare Benefit (Life=12/01/2099),DATE/TIME,,X,,,,,,,,,,,,,,,,,,,,,,,,,,,,,,,,,,,,,,,,,,,,,,,,,,,,,
BD_XRD_SUPP1,Start Date of the 1st XRD Supplement,DATE/TIME,,X,,,,,,,,,,,,,,,,,,,,,,,,,,,,,,,,,,,,,,,,,,,,,,,,,,,,,
ED_XRD_SUPP1,End Date (last day benefit payable) of the 1st XRD Supplement (Life=12/01/2099),DATE/TIME,,X,,,,,,,,,,,,,,,,,,,,,,,,,,,,,,,,,,,,,,,,,,,,,,,,,,,,,
BD_XRD_SUPP2,Start Date of the 2nd XRD Supplement,DATE/TIME,,X,,,,,,,,,,,,,,,,,,,,,,,,,,,,,,,,,,,,,,,,,,,,,,,,,,,,,
ED_XRD_SUPP2,End Date (last day benefit payable) of the 2nd XRD Supplement (Life=12/01/2099),DATE/TIME,,X,,,,,,,,,,,,,,,,,,,,,,,,,,,,,,,,,,,,,,,,,,,,,,,,,,,,,
BD_XRD_SUPP3,Start Date of the 3rd XRD Supplement,DATE/TIME,,X,,,,,,,,,,,,,,,,,,,,,,,,,,,,,,,,,,,,,,,,,,,,,,,,,,,,,
ED_XRD_SUPP3,End Date (last day benefit payable) of the 3rd XRD Supplement (Life=12/01/2099),DATE/TIME,,X,,,,,,,,,,,,,,,,,,,,,,,,,,,,,,,,,,,,,,,,,,,,,,,,,,,,,
BD_XRD_MED,Start Date of the XRD Medicare Benefit,DATE/TIME,,X,,,,,,,,,,,,,,,,,,,,,,,,,,,,,,,,,,,,,,,,,,,,,,,,,,,,,
ED_XRD_MED,End Date (last day benefit payable) of the XRD Medicare Benefit (Life=12/01/2099),DATE/TIME,,X,,,,,,,,,,,,,,,,,,,,,,,,,,,,,,,,,,,,,,,,,,,,,,,,,,,,,
BD_XRD_FSS1,Start Date of the Initial XRD Free Surviving Spouse Benefit (This is for the pre-60 free surviving spouse benefit only),DATE/TIME,,X,,,,,,,,,,,,,,,,,,,,,,,,,,,,,,,,,,,,,,,,,,,,,,,,,,,,,
ED_XRD_FSS1,End Date (last day benefit payable) of the Initial XRD Free Surviving Spouse Benefit (Life=12/01/2099) (This is for the pre-60 free surviving spouse benefit only) ,DATE/TIME,,X,,,,,,,,,,,,,,,,,,,,,,,,,,,,,,,,,,,,,,,,,,,,,,,,,,,,,
EED_XRD_FSS1,Eligibility End Date (last day of eligibility) of the Initial XRD Free Surviving Spouse Benefit (Life=12/01/2099) (This is for the pre-60 free surviving spouse benefit only),DATE/TIME,,X,,,,,,,,,,,,,,,,,,,,,,,,,,,,,,,,,,,,,,,,,,,,,,,,,,,,,
BD_XRD_FSS2,Start Date of the Secondary XRD Free Surviving Spouse Benefit,DATE/TIME,,X,,,,,,,,,,,,,,,,,,,,,,,,,,,,,,,,,,,,,,,,,,,,,,,,,,,,,
ED_XRD_FSS2,End Date (last day benefit payable) of the Secondary  XRD Free Surviving Spouse Benefit (Life=12/01/2099) ,DATE/TIME,,X,,,,,,,,,,,,,,,,,,,,,,,,,,,,,,,,,,,,,,,,,,,,,,,,,,,,,
EED_XRD_FSS2,Eligibility End Date (last day of eligibility)  of the Secondary XRD Free Surviving Spouse Benefit (Life=12/01/2099) ,DATE/TIME,,X,,,,,,,,,,,,,,,,,,,,,,,,,,,,,,,,,,,,,,,,,,,,,,,,,,,,,
BD_XRD_MED_BENE,Start Date of the Beneficiary's XRD Medicare Benefit,DATE/TIME,,X,,,,,,,,,,,,,,,,,,,,,,,,,,,,,,,,,,,,,,,,,,,,,,,,,,,,,
ED_XRD_MED_BENE,End Date (last day benefit payable) of the Beneficiary's XRD Medicare Benefit (Life=12/01/2099),DATE/TIME,,X,,,,,,,,,,,,,,,,,,,,,,,,,,,,,,,,,,,,,,,,,,,,,,,,,,,,,
EED_XRD_MED_BENE,Eligibility End Date (last day of eligibility) of the Beneficiarys XRD Medicare Benefit (Life=12/01/2099),DATE/TIME,,X,,,,,,,,,,,,,,,,,,,,,,,,,,,,,,,,,,,,,,,,,,,,,,,,,,,,,
BD_EURD_SUPP1,Start Date of the 1st EURD Supplement,DATE/TIME,,X,,,,,,,,,,,,,,,,,,,,,,,,,,,,,,,,,,,,,,,,,,,,,,,,,,,,,
ED_EURD_SUPP1,End Date (last day benefit payable) of the 1st EURD Supplement (Life=12/01/2099),DATE/TIME,,X,,,,,,,,,,,,,,,,,,,,,,,,,,,,,,,,,,,,,,,,,,,,,,,,,,,,,
BD_EURD_SUPP2,Start Date of the 2nd EURD Supplement,DATE/TIME,,X,,,,,,,,,,,,,,,,,,,,,,,,,,,,,,,,,,,,,,,,,,,,,,,,,,,,,
ED_EURD_SUPP2,End Date (last day benefit payable) of the 2nd EURD Supplement (Life=12/01/2099),DATE/TIME,,X,,,,,,,,,,,,,,,,,,,,,,,,,,,,,,,,,,,,,,,,,,,,,,,,,,,,,
BD_EURD_SUPP3,Start Date of the 3rd EURD Supplement,DATE/TIME,,X,,,,,,,,,,,,,,,,,,,,,,,,,,,,,,,,,,,,,,,,,,,,,,,,,,,,,
ED_EURD_SUPP3,End Date (last day benefit payable) of the 3rd EURD Supplement (Life=12/01/2099),DATE/TIME,,X,,,,,,,,,,,,,,,,,,,,,,,,,,,,,,,,,,,,,,,,,,,,,,,,,,,,,
BD_EURD_MED,Start Date of the EURD Medicare Benefit,DATE/TIME,,X,,,,,,,,,,,,,,,,,,,,,,,,,,,,,,,,,,,,,,,,,,,,,,,,,,,,,
ED_EURD_MED,End Date (last day benefit payable) of the EURD Medicare Benefit (Life=12/01/2099),DATE/TIME,,X,,,,,,,,,,,,,,,,,,,,,,,,,,,,,,,,,,,,,,,,,,,,,,,,,,,,,
SA_XRD_SUPP1,Starting Age Nearest Birthday of the 1st XRD Supplement,NUMBER,,X,,,,,,,,,,,,,,,,,,,,,,,,,,,,,,,,,,,,,,,,,,,,,,,,,,,,,
EA_XRD_SUPP1,Ending Age Nearest Birthday of the 1st XRD Supplement (Life=999),NUMBER,,X,,,,,,,,,,,,,,,,,,,,,,,,,,,,,,,,,,,,,,,,,,,,,,,,,,,,,
SA_XRD_SUPP2,Starting Age Nearest Birthday of the 2nd XRD Supplement,NUMBER,,X,,,,,,,,,,,,,,,,,,,,,,,,,,,,,,,,,,,,,,,,,,,,,,,,,,,,,
EA_XRD_SUPP2,Ending Age Nearest Birthday of the 2nd XRD Supplement (Life=999),NUMBER,,X,,,,,,,,,,,,,,,,,,,,,,,,,,,,,,,,,,,,,,,,,,,,,,,,,,,,,
SA_XRD_SUPP3,Starting Age Nearest Birthday of the 3rd XRD Supplement,NUMBER,,X,,,,,,,,,,,,,,,,,,,,,,,,,,,,,,,,,,,,,,,,,,,,,,,,,,,,,
EA_XRD_SUPP3,Ending Age Nearest Birthday of the 3rd XRD Supplement (Life=999),NUMBER,,X,,,,,,,,,,,,,,,,,,,,,,,,,,,,,,,,,,,,,,,,,,,,,,,,,,,,,
SA_XRD_MED,Starting Age Nearest Birthday of the XRD Medicare Benefit,NUMBER,,X,,,,,,,,,,,,,,,,,,,,,,,,,,,,,,,,,,,,,,,,,,,,,,,,,,,,,
EA_XRD_MED,Ending Age Nearest Birthday of the XRD Medicare Benefit (Life=999),NUMBER,,X,,,,,,,,,,,,,,,,,,,,,,,,,,,,,,,,,,,,,,,,,,,,,,,,,,,,,
SA_XRD_FSS1,Starting Age Nearest Birthday of Initial XRD Free Surviving Spouse Benefit (assumed to be spouse's age so if loading participant's age enter participant's age plus 100),NUMBER,,X,,,,,,,,,,,,,,,,,,,,,,,,,,,,,,,,,,,,,,,,,,,,,,,,,,,,,
EA_XRD_FSS1,Ending Age Nearest Birthday of the Initial XRD Free Surviving Spouse Benefit (Life=999) (assumed to be spouse's age so if loading participant's age enter participant's age plus 100),NUMBER,,X,,,,,,,,,,,,,,,,,,,,,,,,,,,,,,,,,,,,,,,,,,,,,,,,,,,,,
EEA_XRD_FSS1,Eligibility Ending Age Nearest Birthday of the Initial XRD Free Surviving Spouse Benefit (Life=999) (assumed to be spouse's age so if loading participant's age enter participant's age plus 100),NUMBER,,X,,,,,,,,,,,,,,,,,,,,,,,,,,,,,,,,,,,,,,,,,,,,,,,,,,,,,
SA_XRD_FSS2,Starting Age Nearest Birthday of the Secondary XRD Free Surviving Spouse Benefit (assumed to be spouse's age so if loading participant's age enter participant's age plus 100),NUMBER,,X,,,,,,,,,,,,,,,,,,,,,,,,,,,,,,,,,,,,,,,,,,,,,,,,,,,,,
EA_XRD_FSS2,Ending Age Nearest Birthday of the Secondary XRD Free Surviving Spouse Benefit (Life=999) (assumed to be spouse's age so if loading participant's age enter participant's age plus 100),NUMBER,,X,,,,,,,,,,,,,,,,,,,,,,,,,,,,,,,,,,,,,,,,,,,,,,,,,,,,,
EEA_XRD_FSS2,Eligibility Ending Age Nearest Birthday of the Secondary XRD Free Surviving Spouse Benefit (Life=999) (assumed to be spouse's age so if loading participant's age enter participant's age plus 100),NUMBER,,X,,,,,,,,,,,,,,,,,,,,,,,,,,,,,,,,,,,,,,,,,,,,,,,,,,,,,
SA_XRD_MED_BENE,Starting Age Nearest Birthday of the Beneficiary's XRD Medicare Benefit (assumed to be spouse's age so if loading participant's age enter participant's age plus 100),NUMBER,,X,,,,,,,,,,,,,,,,,,,,,,,,,,,,,,,,,,,,,,,,,,,,,,,,,,,,,
EA_XRD_MED_BENE,Ending Age Nearest Birthday of the Beneficiary's XRD Medicare Benefit (Life=999) (assumed to be spouse's age so if loading participant's age enter participant's age plus 100),NUMBER,,X,,,,,,,,,,,,,,,,,,,,,,,,,,,,,,,,,,,,,,,,,,,,,,,,,,,,,
EEA_XRD_MED_BENE,Eligibility Ending Age Nearest Birthday of the Beneficiary's XRD Medicare Benefit (Life=999) (assumed to be spouse's age so if loading participant's age enter participant's age plus 100),NUMBER,,X,,,,,,,,,,,,,,,,,,,,,,,,,,,,,,,,,,,,,,,,,,,,,,,,,,,,,
FORM_CODE_SUPP1,"Benefit Form for 1st XRD Supplement
(0=SLA, 1=Same as Primary Level Life XRD Benefit) ",TEXT,,X,,,,,,,,,,,,,,,,,,,,,,,,,,,,,,,,,,,,,,,,,,,,,,,,,,,,,
FORM_CODE_SUPP2,"Benefit Form for 2nd XRD Supplement
(0=SLA, 1=Same as Primary Level Life XRD Benefit) ",TEXT,,X,,,,,,,,,,,,,,,,,,,,,,,,,,,,,,,,,,,,,,,,,,,,,,,,,,,,,
FORM_CODE_SUPP3,"Benefit Form for 3rd XRD Supplement
(0=SLA, 1=Same as Primary Level Life XRD Benefit) ",TEXT,,X,,,,,,,,,,,,,,,,,,,,,,,,,,,,,,,,,,,,,,,,,,,,,,,,,,,,,
FORM_CODE_MED,"Benefit Form for Medicare Supplement
(0=SLA, 1=Same as Primary Level Life XRD Benefit) ",TEXT,,X,,,,,,,,,,,,,,,,,,,,,,,,,,,,,,,,,,,,,,,,,,,,,,,,,,,,,
VOLC,Voluntary Contributions WITHOUT Interest at DOPT,CURRENCY,X,,,,,,,,,,,,,,,,,,,,,,,,,,,,,,,,,,,,,,,,,,,,,,,,,,,,,,
VOLCWI,Voluntary Contributions WITH Interest at DOPT,CURRENCY,X,,,,,,,,,,,,,,,,,,,,,,,,,,,,,,,,,,,,,,,,,,,,,,,,,,,,,,
ELECTC,"Return of Contributions Elected Indicator (Y=Yes, N=No)",TEXT,X,,,,,,,,,,,,,,,,,,,,,,,,,,,,,,,,,,,,,,,,,,,,,,,,,,,,,,
LLAF,Level Life Adjustment Factor for Non-Level Benefit,NUMBER,,X,,,,,,,,,,,,,,,,,,,,,,,,,,,,,,,,,,,,,,,,,,,,,,,,,,,,,
LLBEN,Participant's Plan Level Life Benefit,CURRENCY,,X,,,,,,,,,,,,,,,,,,,,,,,,,,,,,,,,,,,,,,,,,,,,,,,,,,,,,
K1FACT,K1 Factor used to determine P% Before WAM Method (NO LONGER USED),NUMBER,,X,,,,,,,,,,,,,,,,,,,,,,,,,,,,,,,,,,,,,,,,,,,,,,,,,,,,,
K2FACT,K2 Factor used to determine P% Before WAM Method (NO LONGER USED),NUMBER,,X,,,,,,,,,,,,,,,,,,,,,,,,,,,,,,,,,,,,,,,,,,,,,,,,,,,,,
PJVSA,Survivor percent (J&P%) using LLBEN for MGB and Phase-In Calculations ,NUMBER,,X,,,,,,,,,,,,,,,,,,,,,,,,,,,,,,,,,,,,,,,,,,,,,,,,,,,,,
EURD_SUPP1,1st Termination EURD Supplement,NUMBER,,X,,,,,,,,,,,,,,,,,,,,,,,,,,,,,,,,,,,,,,,,,,,,,,,,,,,,,
EURD_SUPP2,2nd Termination EURD Supplement,NUMBER,,X,,,,,,,,,,,,,,,,,,,,,,,,,,,,,,,,,,,,,,,,,,,,,,,,,,,,,
EURD_SUPP3,3rd Termination EURD Supplement,NUMBER,,X,,,,,,,,,,,,,,,,,,,,,,,,,,,,,,,,,,,,,,,,,,,,,,,,,,,,,
EURD_MED,Termination EURD Medicare Supplement,NUMBER,,X,,,,,,,,,,,,,,,,,,,,,,,,,,,,,,,,,,,,,,,,,,,,,,,,,,,,,
ERD_SUPP1,1st Termination ERD Supplement,CURRENCY,,X,,,,,,,,,,,,,,,,,,,,,,,,,,,,,,,,,,,,,,,,,,,,,,,,,,,,,
ERD_SUPP2,2nd Termination ERD Supplement,CURRENCY,,X,,,,,,,,,,,,,,,,,,,,,,,,,,,,,,,,,,,,,,,,,,,,,,,,,,,,,
ERD_SUPP3,3rd Termination ERD Supplement,CURRENCY,,X,,,,,,,,,,,,,,,,,,,,,,,,,,,,,,,,,,,,,,,,,,,,,,,,,,,,,
ERD_MED,Termination ERD Medicare Supplement,CURRENCY,,X,,,,,,,,,,,,,,,,,,,,,,,,,,,,,,,,,,,,,,,,,,,,,,,,,,,,,
XRD_SUPP1_TITLE_IV,1st Title IV XRD Supplement,CURRENCY,,X,,,,,,,,,,,,,,,,,,,,,,,,,,,,,,,,,,,,,,,,,,,,,,,,,,,,,
XRD_SUPP2_TITLE_IV,2nd Title IV XRD Supplement,CURRENCY,,X,,,,,,,,,,,,,,,,,,,,,,,,,,,,,,,,,,,,,,,,,,,,,,,,,,,,,
XRD_SUPP3_TITLE_IV,3rd Title IV XRD Supplement,CURRENCY,,X,,,,,,,,,,,,,,,,,,,,,,,,,,,,,,,,,,,,,,,,,,,,,,,,,,,,,
XRD_MED_TITLE_IV,Title IV XRD Medicare Benefit,CURRENCY,,X,,,,,,,,,,,,,,,,,,,,,,,,,,,,,,,,,,,,,,,,,,,,,,,,,,,,,
XRD_FSS1_TITLE_IV,Title IV Initial XRD Free Surviving Spouse Benefit,CURRENCY,,X,,,,,,,,,,,,,,,,,,,,,,,,,,,,,,,,,,,,,,,,,,,,,,,,,,,,,
XRD_FSS2_TITLE_IV,Title IV Secondary XRD Free Surviving Spouse Benefit,CURRENCY,,X,,,,,,,,,,,,,,,,,,,,,,,,,,,,,,,,,,,,,,,,,,,,,,,,,,,,,
XRD_MED_BENE_TITLE_IV,Beneficiary's Title IV XRD Medicare Benefit,CURRENCY,,X,,,,,,,,,,,,,,,,,,,,,,,,,,,,,,,,,,,,,,,,,,,,,,,,,,,,,
XRD_SUPP1_4022C,1st 4022(c) XRD Supplement,CURRENCY,,X,,,,,,,,,,,,,,,,,,,,,,,,,,,,,,,,,,,,,,,,,,,,,,,,,,,,,
XRD_SUPP2_4022C,2nd 4022(c) XRD Supplement,CURRENCY,,X,,,,,,,,,,,,,,,,,,,,,,,,,,,,,,,,,,,,,,,,,,,,,,,,,,,,,
XRD_SUPP3_4022C,3rd 4022(c) XRD Supplement,CURRENCY,,X,,,,,,,,,,,,,,,,,,,,,,,,,,,,,,,,,,,,,,,,,,,,,,,,,,,,,
XRD_MED_4022C,4022(c) XRD Medicare Benefit,CURRENCY,,X,,,,,,,,,,,,,,,,,,,,,,,,,,,,,,,,,,,,,,,,,,,,,,,,,,,,,
XRD_FSS1_4022C,4022(c) Initial XRD Free Surviving Spouse Benefit,CURRENCY,,X,,,,,,,,,,,,,,,,,,,,,,,,,,,,,,,,,,,,,,,,,,,,,,,,,,,,,
XRD_FSS2_4022C,4022(c) Secondary XRD Free Surviving Spouse Benefit,CURRENCY,,X,,,,,,,,,,,,,,,,,,,,,,,,,,,,,,,,,,,,,,,,,,,,,,,,,,,,,
XRD_MED_BENE_4022C,Beneficiary's 4022(c) XRD Medicare Benefit,CURRENCY,,X,,,,,,,,,,,,,,,,,,,,,,,,,,,,,,,,,,,,,,,,,,,,,,,,,,,,,
XRD_SUPP1_TERM,1st Termination XRD Supplement,CURRENCY,,X,,,,,,,,,,,,,,,,,,,,,,,,,,,,,,,,,,,,,,,,,,,,,,,,,,,,,
XRD_SUPP2_TERM,2nd Termination XRD Supplement,CURRENCY,,X,,,,,,,,,,,,,,,,,,,,,,,,,,,,,,,,,,,,,,,,,,,,,,,,,,,,,
XRD_SUPP3_TERM,3rd Termination XRD Supplement,CURRENCY,,X,,,,,,,,,,,,,,,,,,,,,,,,,,,,,,,,,,,,,,,,,,,,,,,,,,,,,
XRD_MED_TERM,Termination XRD Medicare Benefit,CURRENCY,,X,,,,,,,,,,,,,,,,,,,,,,,,,,,,,,,,,,,,,,,,,,,,,,,,,,,,,
XRD_FSS1_TERM,Termination Initial XRD Free Surviving Spouse Benefit,CURRENCY,,X,,,,,,,,,,,,,,,,,,,,,,,,,,,,,,,,,,,,,,,,,,,,,,,,,,,,,
XRD_FSS2_TERM,Termination Secondary XRD Free Surviving Spouse Benefit,CURRENCY,,X,,,,,,,,,,,,,,,,,,,,,,,,,,,,,,,,,,,,,,,,,,,,,,,,,,,,,
XRD_MED_BENE_TERM,Beneficiary's Termination XRD Medicare Benefit,CURRENCY,,X,,,,,,,,,,,,,,,,,,,,,,,,,,,,,,,,,,,,,,,,,,,,,,,,,,,,,
MORE_PAYAMT_IND,"Indicator (Y=Yes, N = No) that this participant may have more than three (3) final payment streams (more than 3 different check amounts) payable over the course of his/her retirement. (NO LONGER USED- Spectrum has not limit on payment streams)",TEXT,,X,,,,,,,,,,,,,,,,,,,,,,,,,,,,,,,,,,,,,,,,,,,,,,,,,,,,,
PVF_SUPP1,PBGC Present Value Factor for XRD_SUPP1_TERM using annuity assumptions,NUMBER,,X,,,,,,,,,,,,,,,,,,,,,,,,,,,,,,,,,,,,,,,,,,,,,,,,,,,,,
PVF_SUPP2,PBGC Present Value Factor for XRD_SUPP2_TERM using annuity assumptions,NUMBER,,X,,,,,,,,,,,,,,,,,,,,,,,,,,,,,,,,,,,,,,,,,,,,,,,,,,,,,
PVF_SUPP3,PBGC Present Value Factor for XRD_SUPP3_TERM using annuity assumptions,NUMBER,,X,,,,,,,,,,,,,,,,,,,,,,,,,,,,,,,,,,,,,,,,,,,,,,,,,,,,,
PVF_MED,PBGC Present Value Factor for XRD_MED_TERM using annuity assumptions,NUMBER,,X,,,,,,,,,,,,,,,,,,,,,,,,,,,,,,,,,,,,,,,,,,,,,,,,,,,,,
PVF_FSS1,PBGC Present Value Factor for XRD_FSS1_TERM using annuity assumptions,NUMBER,,X,,,,,,,,,,,,,,,,,,,,,,,,,,,,,,,,,,,,,,,,,,,,,,,,,,,,,
PVF_FSS2,PBGC Present Value Factor for XRD_FSS2_TERM using annuity assumptions,NUMBER,,X,,,,,,,,,,,,,,,,,,,,,,,,,,,,,,,,,,,,,,,,,,,,,,,,,,,,,
PVF_MED_BENE,PBGC Present Value Factor for XRD_MED_BENE_TERM using annuity assumptions,NUMBER,,X,,,,,,,,,,,,,,,,,,,,,,,,,,,,,,,,,,,,,,,,,,,,,,,,,,,,,
PC1_LEVEL_MB,PC1 - Level Monthly Benefit,NUMBER,,X,,,,,,,,,,,,,,,,,,,,,,,,,,,,,,,,,,,,,,,,,,,,,,,,,,,,,
PC3_BAS_SUPP1_MB,1st Supplement for PC3 - Basic,NUMBER,,X,,,,,,,,,,,,,,,,,,,,,,,,,,,,,,,,,,,,,,,,,,,,,,,,,,,,,
PC3_NBAS_SUPP1_MB,1st Supplement for PC3 - Non-Basic,NUMBER,,X,,,,,,,,,,,,,,,,,,,,,,,,,,,,,,,,,,,,,,,,,,,,,,,,,,,,,
PC3_BAS_SUPP2_MB,2nd Supplement for PC3 - Basic,NUMBER,,X,,,,,,,,,,,,,,,,,,,,,,,,,,,,,,,,,,,,,,,,,,,,,,,,,,,,,
PC3_NBAS_SUPP2_MB,2nd Supplement for PC3 - Non-Basic,NUMBER,,X,,,,,,,,,,,,,,,,,,,,,,,,,,,,,,,,,,,,,,,,,,,,,,,,,,,,,
PC3_BAS_SUPP3_MB,3rd Supplement for PC3 - Basic,NUMBER,,X,,,,,,,,,,,,,,,,,,,,,,,,,,,,,,,,,,,,,,,,,,,,,,,,,,,,,
PC3_NBAS_SUPP3_MB,3rd PC3 Supplement for PC3 - Non-Basic,NUMBER,,X,,,,,,,,,,,,,,,,,,,,,,,,,,,,,,,,,,,,,,,,,,,,,,,,,,,,,
PC3_BAS_FSS1_MB,Initial free surviving spouse benefit for PC3 - basic,NUMBER,,X,,,,,,,,,,,,,,,,,,,,,,,,,,,,,,,,,,,,,,,,,,,,,,,,,,,,,
PC3_NBAS_FSS1_MB,Initial free surviving spouse benefit for PC3 - Non-Basic,NUMBER,,X,,,,,,,,,,,,,,,,,,,,,,,,,,,,,,,,,,,,,,,,,,,,,,,,,,,,,
PC3_BAS_FSS2_MB,Secondary free surviving spouse benefit for PC3 - Basic,NUMBER,,X,,,,,,,,,,,,,,,,,,,,,,,,,,,,,,,,,,,,,,,,,,,,,,,,,,,,,
PC3_NBAS_FSS2_MB,Secondary free surviving spouse benefit for PC3 - Non-Basic,NUMBER,,X,,,,,,,,,,,,,,,,,,,,,,,,,,,,,,,,,,,,,,,,,,,,,,,,,,,,,
PC3_BAS_MED_MB,Medicare Benefit for PC3 - Basic,NUMBER,,X,,,,,,,,,,,,,,,,,,,,,,,,,,,,,,,,,,,,,,,,,,,,,,,,,,,,,
PC3_NBAS_MED_MB,Medicare Benefit for PC3 - Non-Basic,NUMBER,,X,,,,,,,,,,,,,,,,,,,,,,,,,,,,,,,,,,,,,,,,,,,,,,,,,,,,,
PC4_SUPP1_MB,1st Supplement for PC4,NUMBER,,X,,,,,,,,,,,,,,,,,,,,,,,,,,,,,,,,,,,,,,,,,,,,,,,,,,,,,
PC4_SUPP2_MB,2nd Supplement for PC4,NUMBER,,X,,,,,,,,,,,,,,,,,,,,,,,,,,,,,,,,,,,,,,,,,,,,,,,,,,,,,
PC4_SUPP3_MB,3rd Supplement for PC4,NUMBER,,X,,,,,,,,,,,,,,,,,,,,,,,,,,,,,,,,,,,,,,,,,,,,,,,,,,,,,
PC4_FSS1_MB,Initial free surviving spouse benefit for PC4,NUMBER,,X,,,,,,,,,,,,,,,,,,,,,,,,,,,,,,,,,,,,,,,,,,,,,,,,,,,,,
PC4_FSS2_MB,Secondary free surviving spouse benefit for PC4,NUMBER,,X,,,,,,,,,,,,,,,,,,,,,,,,,,,,,,,,,,,,,,,,,,,,,,,,,,,,,
PC4_MED_MB,Medicare Benefit for PC4,NUMBER,,X,,,,,,,,,,,,,,,,,,,,,,,,,,,,,,,,,,,,,,,,,,,,,,,,,,,,,
PC4A_SUPP1_MB,1st Supplement for PC4A (for substantial or majority owners owners and benefits reduced for PBGC’s Aggregate Maximum Limitation) ,NUMBER,,X,,,,,,,,,,,,,,,,,,,,,,,,,,,,,,,,,,,,,,,,,,,,,,,,,,,,,
PC4A_SUPP2_MB,2nd Supplement for PC4A (for substantial or majority owners owners and benefits reduced for PBGC’s Aggregate Maximum Limitation) ,NUMBER,,X,,,,,,,,,,,,,,,,,,,,,,,,,,,,,,,,,,,,,,,,,,,,,,,,,,,,,
PC4A_SUPP3_MB,3rd Supplement for PC4A (for substantial or majority owners owners and benefits reduced for PBGC’s Aggregate Maximum Limitation) ,NUMBER,,X,,,,,,,,,,,,,,,,,,,,,,,,,,,,,,,,,,,,,,,,,,,,,,,,,,,,,
PC4A_FSS1_MB,Initial Free Surviving Spouse Benefit for PC4A (for substantial or majority owners owners and benefits reduced for PBGC’s Aggregate Maximum Limitation) ,NUMBER,,X,,,,,,,,,,,,,,,,,,,,,,,,,,,,,,,,,,,,,,,,,,,,,,,,,,,,,
PC4A_FSS2_MB,Secondary Free Surviving Spouse Benefit for PC4A (for substantial or majority owners owners and benefits reduced for PBGC’s Aggregate Maximum Limitation) ,NUMBER,,X,,,,,,,,,,,,,,,,,,,,,,,,,,,,,,,,,,,,,,,,,,,,,,,,,,,,,
PC4A_MED_MB,Medicare Benefit for PC4A (for substantial or majority owners owners and benefits reduced for PBGC’s Aggregate Maximum Limitation) ,NUMBER,,X,,,,,,,,,,,,,,,,,,,,,,,,,,,,,,,,,,,,,,,,,,,,,,,,,,,,,
PC4B_SUPP1_MB,1st Supplement for PC4B (for substantial or majority owners owners and benefits reduced for PBGC’s Aggregate Maximum Limitation) ,NUMBER,,X,,,,,,,,,,,,,,,,,,,,,,,,,,,,,,,,,,,,,,,,,,,,,,,,,,,,,
PC4B_SUPP2_MB,2nd Supplement for PC4B (for substantial or majority owners owners and benefits reduced for PBGC’s Aggregate Maximum Limitation) ,NUMBER,,X,,,,,,,,,,,,,,,,,,,,,,,,,,,,,,,,,,,,,,,,,,,,,,,,,,,,,
PC4B_SUPP3_MB,3rd Supplement for PC4B (for substantial or majority owners owners and benefits reduced for PBGC’s Aggregate Maximum Limitation) ,NUMBER,,X,,,,,,,,,,,,,,,,,,,,,,,,,,,,,,,,,,,,,,,,,,,,,,,,,,,,,
PC4B_FSS1_MB,Initial Free Surviving Spouse Benefit for PC4B (for substantial or majority owners owners and benefits reduced for PBGC’s Aggregate Maximum Limitation) ,NUMBER,,X,,,,,,,,,,,,,,,,,,,,,,,,,,,,,,,,,,,,,,,,,,,,,,,,,,,,,
PC4B_FSS2_MB,Secondary Free Surviving Spouse Benefit for PC4B (for substantial or majority owners owners and benefits reduced for PBGC’s Aggregate Maximum Limitation) ,NUMBER,,X,,,,,,,,,,,,,,,,,,,,,,,,,,,,,,,,,,,,,,,,,,,,,,,,,,,,,
PC4B_MED_MB,Medicare Benefit for PC4B (for substantial or majority owners owners and benefits reduced for PBGC’s Aggregate Maximum Limitation) ,NUMBER,,X,,,,,,,,,,,,,,,,,,,,,,,,,,,,,,,,,,,,,,,,,,,,,,,,,,,,,
PC5_SUPP1_MB,1st Supplement for PC5,NUMBER,,X,,,,,,,,,,,,,,,,,,,,,,,,,,,,,,,,,,,,,,,,,,,,,,,,,,,,,
PC5_SUPP2_MB,2nd Supplement for PC5,NUMBER,,X,,,,,,,,,,,,,,,,,,,,,,,,,,,,,,,,,,,,,,,,,,,,,,,,,,,,,
PC5_SUPP3_MB,3rd Supplement for PC5,NUMBER,,X,,,,,,,,,,,,,,,,,,,,,,,,,,,,,,,,,,,,,,,,,,,,,,,,,,,,,
PC5_FSS1_MB,Initial free surviving spouse benefit for PC5,NUMBER,,X,,,,,,,,,,,,,,,,,,,,,,,,,,,,,,,,,,,,,,,,,,,,,,,,,,,,,
PC5_FSS2_MB,Secondary free surviving spouse benefit for PC5,NUMBER,,X,,,,,,,,,,,,,,,,,,,,,,,,,,,,,,,,,,,,,,,,,,,,,,,,,,,,,
PC5_MED_MB,Medicare Benefit for PC5,NUMBER,,X,,,,,,,,,,,,,,,,,,,,,,,,,,,,,,,,,,,,,,,,,,,,,,,,,,,,,
PC6_SUPP1_MB,1st Supplement for PC6,NUMBER,,X,,,,,,,,,,,,,,,,,,,,,,,,,,,,,,,,,,,,,,,,,,,,,,,,,,,,,
PC6_SUPP2_MB,2nd Supplement for PC6,NUMBER,,X,,,,,,,,,,,,,,,,,,,,,,,,,,,,,,,,,,,,,,,,,,,,,,,,,,,,,
PC6_SUPP3_MB,3rd Supplement for PC6,NUMBER,,X,,,,,,,,,,,,,,,,,,,,,,,,,,,,,,,,,,,,,,,,,,,,,,,,,,,,,
PC6_FSS1_MB,Initial free surviving spouse benefit for PC6,NUMBER,,X,,,,,,,,,,,,,,,,,,,,,,,,,,,,,,,,,,,,,,,,,,,,,,,,,,,,,
PC6_FSS2_MB,Secondary free surviving spouse benefit for PC6,NUMBER,,X,,,,,,,,,,,,,,,,,,,,,,,,,,,,,,,,,,,,,,,,,,,,,,,,,,,,,
PC6_MED_MB,Medicare Benefit for PC6,NUMBER,,X,,,,,,,,,,,,,,,,,,,,,,,,,,,,,,,,,,,,,,,,,,,,,,,,,,,,,
PCX_LEVEL_MB,Level monthly benefit for excess asset allocation,NUMBER,,X,,,,,,,,,,,,,,,,,,,,,,,,,,,,,,,,,,,,,,,,,,,,,,,,,,,,,
PCX_SUPP1_MB,1st Supplment for excess asset allocation,NUMBER,,X,,,,,,,,,,,,,,,,,,,,,,,,,,,,,,,,,,,,,,,,,,,,,,,,,,,,,
PCX_SUPP2_MB,2nd Supplment for excess asset allocation,NUMBER,,X,,,,,,,,,,,,,,,,,,,,,,,,,,,,,,,,,,,,,,,,,,,,,,,,,,,,,
PCX_SUPP3_MB,3rd Supplment for excess asset allocation,NUMBER,,X,,,,,,,,,,,,,,,,,,,,,,,,,,,,,,,,,,,,,,,,,,,,,,,,,,,,,
PCX_FSS1_MB,Initial free surviving spouse benefit for excess asset allocation ,NUMBER,,X,,,,,,,,,,,,,,,,,,,,,,,,,,,,,,,,,,,,,,,,,,,,,,,,,,,,,
PCX_FSS2_MB,Secondary free surviving spouse benefit for excess asset allocation ,NUMBER,,X,,,,,,,,,,,,,,,,,,,,,,,,,,,,,,,,,,,,,,,,,,,,,,,,,,,,,
PCX_MED_MB,Medicare Benefit for excess asset allocation,NUMBER,,X,,,,,,,,,,,,,,,,,,,,,,,,,,,,,,,,,,,,,,,,,,,,,,,,,,,,,
PC1_ANNUITY_PVMB,Present value of PC1 benefit,NUMBER,,X,,,,,,,,,,,,,,,,,,,,,,,,,,,,,,,,,,,,,,,,,,,,,,,,,,,,,
PC1_LOAD_PVMB,PC1 expense load,NUMBER,,X,,,,,,,,,,,,,,,,,,,,,,,,,,,,,,,,,,,,,,,,,,,,,,,,,,,,,
PCX_ANNUITY_PVMB,Present value of excess asset allocated benefit,NUMBER,,X,,,,,,,,,,,,,,,,,,,,,,,,,,,,,,,,,,,,,,,,,,,,,,,,,,,,,
PCX_QPSA_PVMB,Present value of excess asset allocated QPSA benefit,NUMBER,,X,,,,,,,,,,,,,,,,,,,,,,,,,,,,,,,,,,,,,,,,,,,,,,,,,,,,,
PCX_LOAD_PVMB,Excess asset allocated expense load,NUMBER,,X,,,,,,,,,,,,,,,,,,,,,,,,,,,,,,,,,,,,,,,,,,,,,,,,,,,,,
PCX_LSDB_PVMB,Present value of excess asset allocated lump sum death benefit,NUMBER,,X,,,,,,,,,,,,,,,,,,,,,,,,,,,,,,,,,,,,,,,,,,,,,,,,,,,,,
CUSTOMER_DELETE_FLAG,Deleted record indicator (Y = deleted record).  Note records can only be added or deleted via BCV_Leo.  The system populates this fields when a record is deleted in BCV_Leo.,TEXT,,,,,,,,,,,,,,,,,,,,,,,,,,,,,,,,,,,,,,,,,,,,,,,,,,,,,,,
DATABASE_ID,"Unique system generated BCV database ID (in general each case has one database ID but to support the migration effort, the system does allow for more than one database ID for a case)",NUMBER,,,,,,,,,,,,,,,,,,,,,,,,,,,,,,,,,,,,,,,,,,,,,,,,,,,,,,,
BD_ARD_SUPP1,Start Date of 1st ARD Supplement,DATE/TIME,X,X,,,,,,,,,,,,,,,,,,,,,,,,,,,,,,,,,,,,,,,,,,,,,,,,,,,,,
ED_ARD_SUPP1,End Date (last day benefit payable)of 1st ARD Supplement (Life=12/01/2099),DATE/TIME,X,X,,,,,,,,,,,,,,,,,,,,,,,,,,,,,,,,,,,,,,,,,,,,,,,,,,,,,
BD_ARD_SUPP2,Start Date of 2nd ARD Supplement,DATE/TIME,X,X,,,,,,,,,,,,,,,,,,,,,,,,,,,,,,,,,,,,,,,,,,,,,,,,,,,,,
ED_ARD_SUPP2,End Date (last day benefit payable)of 2nd ARD Supplement (Life=12/01/2099),DATE/TIME,X,X,,,,,,,,,,,,,,,,,,,,,,,,,,,,,,,,,,,,,,,,,,,,,,,,,,,,,
BD_ARD_SUPP3,Start Date of 3rd ARD Supplement,DATE/TIME,X,X,,,,,,,,,,,,,,,,,,,,,,,,,,,,,,,,,,,,,,,,,,,,,,,,,,,,,
ED_ARD_SUPP3,End Date (last day benefit payable)of 3rd ARD Supplement (Life=12/01/2099),DATE/TIME,X,X,,,,,,,,,,,,,,,,,,,,,,,,,,,,,,,,,,,,,,,,,,,,,,,,,,,,,
BD_ARD_MED,Start Date of ARD Medicare Benefit,DATE/TIME,X,X,,,,,,,,,,,,,,,,,,,,,,,,,,,,,,,,,,,,,,,,,,,,,,,,,,,,,
ED_ARD_MED,End Date (last day benefit payable)of ARD Medicare Benefit (Life=12/01/2099),DATE/TIME,X,X,,,,,,,,,,,,,,,,,,,,,,,,,,,,,,,,,,,,,,,,,,,,,,,,,,,,,
BD_ARD_FSS1,Start Date of Initial ARD Free Surviving Spouse Benefit,DATE/TIME,X,X,,,,,,,,,,,,,,,,,,,,,,,,,,,,,,,,,,,,,,,,,,,,,,,,,,,,,
ED_ARD_FSS1,End Date (last day benefit payable) of Initial ARD Free Surviving Spouse Benefit (Life=12/01/2099),DATE/TIME,X,X,,,,,,,,,,,,,,,,,,,,,,,,,,,,,,,,,,,,,,,,,,,,,,,,,,,,,
EED_ARD_FSS1,Eligibility End Date (last day of eligibility) of Initial ARD Free Surviving Spouse Benefit (Life=12/01/2099),DATE/TIME,X,X,,,,,,,,,,,,,,,,,,,,,,,,,,,,,,,,,,,,,,,,,,,,,,,,,,,,,
BD_ARD_FSS2,Start Date of Secondary ARD Free Surviving Spouse Benefit,DATE/TIME,X,X,,,,,,,,,,,,,,,,,,,,,,,,,,,,,,,,,,,,,,,,,,,,,,,,,,,,,
ED_ARD_FSS2,End Date (last day benefit payable) of Secondary ARD Free Surviving Spouse Benefit (Life=12/01/2099),DATE/TIME,X,X,,,,,,,,,,,,,,,,,,,,,,,,,,,,,,,,,,,,,,,,,,,,,,,,,,,,,
EED_ARD_FSS2,Eligibility End Date (last day of eligibility) of Secondary ARD Free Surviving Spouse Benefit (Life=12/01/2099),DATE/TIME,X,X,,,,,,,,,,,,,,,,,,,,,,,,,,,,,,,,,,,,,,,,,,,,,,,,,,,,,
BD_ARD_MED_BENE,Start Date of Beneficiary's ARD Medicare Benefit,DATE/TIME,X,X,,,,,,,,,,,,,,,,,,,,,,,,,,,,,,,,,,,,,,,,,,,,,,,,,,,,,
ED_ARD_MED_BENE,End Date (last day benefit payable) of Beneficiary's ARD Medicare Benefit (Life=12/01/2099),DATE/TIME,X,X,,,,,,,,,,,,,,,,,,,,,,,,,,,,,,,,,,,,,,,,,,,,,,,,,,,,,
EED_ARD_MED_BENE,Eligibility End Date (last day of eligibility) of Beneficiary's ARD Medicare Benefit (Life=12/01/2099),DATE/TIME,X,X,,,,,,,,,,,,,,,,,,,,,,,,,,,,,,,,,,,,,,,,,,,,,,,,,,,,,
SD_OFFSET1,Start Date of 1st Offset,DATE/TIME,X,X,,,,,,,,,,,,,,,,,,,,,,,,,,,,,,,,,,,,,,,,,,,,,,,,,,,,,
ED_OFFSET1,End Date (last day offset applied) of 1st Offset (Life=12/01/2099),DATE/TIME,X,X,,,,,,,,,,,,,,,,,,,,,,,,,,,,,,,,,,,,,,,,,,,,,,,,,,,,,
SD_OFFSET2,Start Date of 2nd Offset,DATE/TIME,X,X,,,,,,,,,,,,,,,,,,,,,,,,,,,,,,,,,,,,,,,,,,,,,,,,,,,,,
ED_OFFSET2,End Date (last day offset applied) of 2nd Offset (Life=12/01/2099),DATE/TIME,X,X,,,,,,,,,,,,,,,,,,,,,,,,,,,,,,,,,,,,,,,,,,,,,,,,,,,,,
SD_OFFSET3,Start Date of 3rd Offset,DATE/TIME,X,X,,,,,,,,,,,,,,,,,,,,,,,,,,,,,,,,,,,,,,,,,,,,,,,,,,,,,
ED_OFFSET3,End Date (last day offset is applied) of 3rd Offset (Life=12/01/2099),DATE/TIME,X,X,,,,,,,,,,,,,,,,,,,,,,,,,,,,,,,,,,,,,,,,,,,,,,,,,,,,,
SA_ARD_SUPP1,Starting Age Nearest Birthday for 1st ARD Supplement,NUMBER,X,X,,,,,,,,,,,,,,,,,,,,,,,,,,,,,,,,,,,,,,,,,,,,,,,,,,,,,
EA_ARD_SUPP1,Ending Age Nearest Birthday for 1st ARD Supplement (Life=999),NUMBER,X,X,,,,,,,,,,,,,,,,,,,,,,,,,,,,,,,,,,,,,,,,,,,,,,,,,,,,,
SA_ARD_SUPP2,Starting Age Nearest Birthday for 2nd ARD Supplement,NUMBER,X,X,,,,,,,,,,,,,,,,,,,,,,,,,,,,,,,,,,,,,,,,,,,,,,,,,,,,,
EA_ARD_SUPP2,Ending Age Nearest Birthday for 2nd ARD Supplement (Life=999),NUMBER,X,X,,,,,,,,,,,,,,,,,,,,,,,,,,,,,,,,,,,,,,,,,,,,,,,,,,,,,
SA_ARD_SUPP3,Starting Age Nearest Birthday for 3rd ARD Supplement,NUMBER,X,X,,,,,,,,,,,,,,,,,,,,,,,,,,,,,,,,,,,,,,,,,,,,,,,,,,,,,
EA_ARD_SUPP3,Ending Age Nearest Birthday for 3rd ARD Supplement (Life=999),NUMBER,X,X,,,,,,,,,,,,,,,,,,,,,,,,,,,,,,,,,,,,,,,,,,,,,,,,,,,,,
SA_ARD_MED,Starting Age Nearest Birthday for ARD Medicare Benefit,NUMBER,X,X,,,,,,,,,,,,,,,,,,,,,,,,,,,,,,,,,,,,,,,,,,,,,,,,,,,,,
EA_ARD_MED,Ending Age Nearest Birthday for ARD Medicare Benefit (Life=999),NUMBER,X,X,,,,,,,,,,,,,,,,,,,,,,,,,,,,,,,,,,,,,,,,,,,,,,,,,,,,,
SA_ARD_FSS1,Starting Age Nearest Birthday of Initial ARD Free Surviving Spouse Benefit,NUMBER,X,X,,,,,,,,,,,,,,,,,,,,,,,,,,,,,,,,,,,,,,,,,,,,,,,,,,,,,
EA_ARD_FSS1,Ending Age Nearest Birthday of Initial ARD Free Surviving Spouse Benefit (Life=999),NUMBER,X,X,,,,,,,,,,,,,,,,,,,,,,,,,,,,,,,,,,,,,,,,,,,,,,,,,,,,,
EEA_ARD_FSS1,Eligibility End Age Nearest Birthday of Initial ARD Free Surviving Spouse Benefit (Life=999),NUMBER,X,X,,,,,,,,,,,,,,,,,,,,,,,,,,,,,,,,,,,,,,,,,,,,,,,,,,,,,
SA_ARD_FSS2,Starting Age Nearest Birthday of Secondary ARD Free Surviving Spouse Benefit,NUMBER,X,X,,,,,,,,,,,,,,,,,,,,,,,,,,,,,,,,,,,,,,,,,,,,,,,,,,,,,
EA_ARD_FSS2,Ending Age Nearest Birthday of Secondary ARD Free Surviving Spouse Benefit (Life=999),NUMBER,X,X,,,,,,,,,,,,,,,,,,,,,,,,,,,,,,,,,,,,,,,,,,,,,,,,,,,,,
EEA_ARD_FSS2,Eligibility End Age Nearest Birthday of Secondary ARD Free Surviving Spouse Benefit (Life=999),NUMBER,X,X,,,,,,,,,,,,,,,,,,,,,,,,,,,,,,,,,,,,,,,,,,,,,,,,,,,,,
SA_ARD_MED_BENE,Starting Age Nearest Birthday of Beneficiary's ARD Medicare Benefit,NUMBER,X,X,,,,,,,,,,,,,,,,,,,,,,,,,,,,,,,,,,,,,,,,,,,,,,,,,,,,,
EA_ARD_MED_BENE,Ending Age Nearest Birthday of Beneficiary's ARD Medicare Benefit (Life=999),NUMBER,X,X,,,,,,,,,,,,,,,,,,,,,,,,,,,,,,,,,,,,,,,,,,,,,,,,,,,,,
EEA_ARD_MED_BENE,Eligibility End Age Nearest Birthday of Beneficiary's ARD Medicare Benefit (Life=999),NUMBER,X,X,,,,,,,,,,,,,,,,,,,,,,,,,,,,,,,,,,,,,,,,,,,,,,,,,,,,,
FORM_CODE_S1_ARD,"ARD Benefit Form for 1st Supplement (0=SLA, 1=Same Form as Basic ARD Benefit)",TEXT,,X,,,,,,,,,,,,,,,,,,,,,,,,,,,,,,,,,,,,,,,,,,,,,,,,,,,,,
FORM_CODE_S2_ARD,"ARD Benefit Form for 2nd Supplement (0=SLA, 1=Same Form as Basic ARD Benefit)",TEXT,,X,,,,,,,,,,,,,,,,,,,,,,,,,,,,,,,,,,,,,,,,,,,,,,,,,,,,,
FORM_CODE_S3_ARD,"ARD Benefit Form for 3rd Supplement (0=SLA, 1=Same Form as Basic ARD Benefit)",TEXT,,X,,,,,,,,,,,,,,,,,,,,,,,,,,,,,,,,,,,,,,,,,,,,,,,,,,,,,
FORM_CODE_MED_ARA,"ARD Benefit Form for Medicare Benefit (0=SLA, 1=Same Form as Basic ARD Benefit)",TEXT,,X,,,,,,,,,,,,,,,,,,,,,,,,,,,,,,,,,,,,,,,,,,,,,,,,,,,,,
TYPOFFSET1,"Type of 1st Offset (Worker's Comp,etc.)",TEXT,X,,,,,,,,,,,,,,,,,,,,,,,,,,,,,,,,,,,,,,,,,,,,,,,,,,,,,,
TYPOFFSET2,"Type of 2nd Offset (Worker's Comp,etc.)",TEXT,X,,,,,,,,,,,,,,,,,,,,,,,,,,,,,,,,,,,,,,,,,,,,,,,,,,,,,,
TYPOFFSET3,"Type of 3rd Offset (Worker's Comp,etc.)",TEXT,X,,,,,,,,,,,,,,,,,,,,,,,,,,,,,,,,,,,,,,,,,,,,,,,,,,,,,,
ARD_SUPP1,1st ARD Supplement,CURRENCY,X,X,,,,,,,,,,,,,,,,,,,,,,,,,,,,,,,,,,,,,,,,,,,,,,,,,,,,,
ARD_SUPP2,2nd ARD Supplement,CURRENCY,X,X,,,,,,,,,,,,,,,,,,,,,,,,,,,,,,,,,,,,,,,,,,,,,,,,,,,,,
ARD_SUPP3,3rd ARD Supplement,CURRENCY,X,X,,,,,,,,,,,,,,,,,,,,,,,,,,,,,,,,,,,,,,,,,,,,,,,,,,,,,
ARD_MED,ARD Medicare Benefit,CURRENCY,X,X,,,,,,,,,,,,,,,,,,,,,,,,,,,,,,,,,,,,,,,,,,,,,,,,,,,,,
OFFSET1,1st ARD Offset,CURRENCY,X,X,,,,,,,,,,,,,,,,,,,,,,,,,,,,,,,,,,,,,,,,,,,,,,,,,,,,,
OFFSET2,2nd ARD Offset,CURRENCY,X,X,,,,,,,,,,,,,,,,,,,,,,,,,,,,,,,,,,,,,,,,,,,,,,,,,,,,,
OFFSET3,3rd ARD Offset,CURRENCY,X,X,,,,,,,,,,,,,,,,,,,,,,,,,,,,,,,,,,,,,,,,,,,,,,,,,,,,,
ARD_FSS1,Initial ARD Free Surviving Spouse Benefit,CURRENCY,X,X,,,,,,,,,,,,,,,,,,,,,,,,,,,,,,,,,,,,,,,,,,,,,,,,,,,,,
ARD_FSS2,Seconfary ARD Free Surviving Spouse Benefit,CURRENCY,X,X,,,,,,,,,,,,,,,,,,,,,,,,,,,,,,,,,,,,,,,,,,,,,,,,,,,,,
ARD_MED_BENE,Beneficiary's ARD Medicare Benefit,CURRENCY,X,X,,,,,,,,,,,,,,,,,,,,,,,,,,,,,,,,,,,,,,,,,,,,,,,,,,,,,
PVFOFFSET1,Present Value Factor for 1st Offset,CURRENCY,,X,,,,,,,,,,,,,,,,,,,,,,,,,,,,,,,,,,,,,,,,,,,,,,,,,,,,,
PVFOFFSET2,Present Value Factor for 2nd Offset,CURRENCY,,X,,,,,,,,,,,,,,,,,,,,,,,,,,,,,,,,,,,,,,,,,,,,,,,,,,,,,
PVFOFFSET3,Present Value Factor for 3rd Offset,CURRENCY,,X,,,,,,,,,,,,,,,,,,,,,,,,,,,,,,,,,,,,,,,,,,,,,,,,,,,,,
CUSTOMER_DELETE_FLAG,Deleted record indicator (Y = deleted record).  Note records can only be added or deleted via BCV_Leo.  The system populates this fields when a record is deleted in BCV_Leo.,TEXT,,,,,,,,,,,,,,,,,,,,,,,,,,,,,,,,,,,,,,,,,,,,,,,,,,,,,,,
DATABASE_ID,"Unique system generated BCV database ID (in general each case has one database ID but to support the migration effort, the system does allow for more than one database ID for a case)",NUMBER,,,,,,,,,,,,,,,,,,,,,,,,,,,,,,,,,,,,,,,,,,,,,,,,,,,,,,,
CUSTOMER_DELETE_FLAG,Deleted record indicator (Y = deleted record).  Note records can only be added or deleted via BCV_Leo.  The system populates this fields when a record is deleted in BCV_Leo.,TEXT,,,,,,,,,,,,,,,,,,,,,,,,,,,,,,,,,,,,,,,,,,,,,,,,,,,,,,,
DATABASE_ID,"Unique system generated BCV database ID (in general each case has one database ID but to support the migration effort, the system does allow for more than one database ID for a case)",NUMBER,,,,,,,,,,,,,,,,,,,,,,,,,,,,,,,,,,,,,,,,,,,,,,,,,,,,,,,
CUSTOMER_DELETE_FLAG,Deleted record indicator (Y = deleted record).  Note records can only be added or deleted via BCV_Leo.  The system populates this fields when a record is deleted in BCV_Leo.,TEXT,,,,,,,,,,,,,,,,,,,,,,,,,,,,,,,,,,,,,,,,,,,,,,,,,,,,,,,
DATABASE_ID,"Unique system generated BCV database ID (in general each case has one database ID but to support the migration effort, the system does allow for more than one database ID for a case)",NUMBER,,,,,,,,,,,,,,,,,,,,,,,,,,,,,,,,,,,,,,,,,,,,,,,,,,,,,,,
PCI,Participant's CUST_ID from Genesis; a unique identifier for the person generated when the person is added to Genesis,NUMBER,X,,,,,,,,,,,,,,,,,,,,,,,,,,,,,,,,,,,,,,,,,,,,,,,,,,,,,,
SCI,Spouse's CUST_ID from Genesis; a unique identifier for the person generated when the person is added to Genesis,NUMBER,X,,,,,,,,,,,,,,,,,,,,,,,,,,,,,,,,,,,,,,,,,,,,,,,,,,,,,,
BCI,Non-Spouse Beneficiary's CUST_ID from Genesis; a unique identifier for the person generated when the person is added to Genesis,NUMBER,X,,,,,,,,,,,,,,,,,,,,,,,,,,,,,,,,,,,,,,,,,,,,,,,,,,,,,,
APCI,Alternate Payee's CUST_ID from Genesis; a unique identifier for the person generated when the person is added to Genesis,NUMBER,X,,,,,,,,,,,,,,,,,,,,,,,,,,,,,,,,,,,,,,,,,,,,,,,,,,,,,,
PCCI,Participant's CASE_CUST_ID from Genesis; a unique identifier for person + case + role generated when the role is added to Genesi,NUMBER,X,,,,,,,,,,,,,,,,,,,,,,,,,,,,,,,,,,,,,,,,,,,,,,,,,,,,,,
SCCI,Spouse's CASE_CUST_ID from Genesis; a unique identifier for person + case + role generated when the role is added to Genesi,NUMBER,X,,,,,,,,,,,,,,,,,,,,,,,,,,,,,,,,,,,,,,,,,,,,,,,,,,,,,,
BCCI,Non-Spouse Beneficiary's CASE_CUST_ID from Genesis; a unique identifier for person + case + role generated when the role is added to Genesi,NUMBER,X,,,,,,,,,,,,,,,,,,,,,,,,,,,,,,,,,,,,,,,,,,,,,,,,,,,,,,
APCCI,Alternate Payees CASE_CUST_ID from Genesis; a unique identifier for person + case + role generated when the role is added to Genesi,NUMBER,X,,,,,,,,,,,,,,,,,,,,,,,,,,,,,,,,,,,,,,,,,,,,,,,,,,,,,,
FAMILY_ID,FAMILY_ID from Genesis; a unique identifier for a family (usually the same as PCCI),NUMBER,X,,,,,,,,,,,,,,,,,,,,,,,,,,,,,,,,,,,,,,,,,,,,,,,,,,,,,,
PCT,Participant's CUST_TYPE from Genesis; a code identifying the participant's role (usually PP),TEXT,X,,,,,,,,,,,,,,,,,,,,,,,,,,,,,,,,,,,,,,,,,,,,,,,,,,,,,,
SCT,Spouse's CUST_TYPE from Genesis; a code identifying the spouse's role (usually SP),TEXT,X,,,,,,,,,,,,,,,,,,,,,,,,,,,,,,,,,,,,,,,,,,,,,,,,,,,,,,
BCT,Non-Spouse Beneficiary's CUST_TYPE from Genesis; a code identifying the beneficiary's role (usually BE),TEXT,X,,,,,,,,,,,,,,,,,,,,,,,,,,,,,,,,,,,,,,,,,,,,,,,,,,,,,,
APCT,Alternate Payee's CUST_TYPE from Genesis; a code identifying the AP's role (usually QD),TEXT,X,,,,,,,,,,,,,,,,,,,,,,,,,,,,,,,,,,,,,,,,,,,,,,,,,,,,,,
BSSN,Non-Spouse Beneficiary's Social Security Number,TEXT,X,,,,,,,,,,,,,,,,,,,,,,,,,,,,,,,,,,,,,,,,,,,,,,,,,,,,,,
BFNAME,Non-Spouse Beneficiary's First Name (do NOT include period for initial),TEXT,X,,,,,,,,,,,,,,,,,,,,,,,,,,,,,,,,,,,,,,,,,,,,,,,,,,,,,,
BMNAME,Non-Spouse Beneficiary's Middle Name (do NOT include period for initial),TEXT,X,,,,,,,,,,,,,,,,,,,,,,,,,,,,,,,,,,,,,,,,,,,,,,,,,,,,,,
BLNAME,Non-Spouse Beneficiary's Last Name,TEXT,X,,,,,,,,,,,,,,,,,,,,,,,,,,,,,,,,,,,,,,,,,,,,,,,,,,,,,,
BENAME,"Non-Spouse Beneficiary's Extra Name (JR, SR, I, II, III, etc - do NOT include periods) ",TEXT,X,,,,,,,,,,,,,,,,,,,,,,,,,,,,,,,,,,,,,,,,,,,,,,,,,,,,,,
BRELATION,"Code for relationship of beneficiary to participant (e.g. SO - Son, DA, Daughter, etc.) ",TEXT,X,,,,,,,,,,,,,,,,,,,,,,,,,,,,,,,,,,,,,,,,,,,,,,,,,,,,,,
BSEX,"Non-Spouse Beneficiary's Gender (M=Male, F=Female, U=Unknown) ",TEXT,X,,,,,,,,,,,,,,,,,,,,,,,,,,,,,,,,,,,,,,,,,,,,,,,,,,,,,,
BDOB,Non-Spouse Beneficiary's Date of Birth,DATE/TIME,X,,,,,,,,,,,,,,,,,,,,,,,,,,,,,,,,,,,,,,,,,,,,,,,,,,,,,,
BDOD,Non-Spouse Beneficiary's Date of Death,DATE/TIME,X,,,,,,,,,,,,,,,,,,,,,,,,,,,,,,,,,,,,,,,,,,,,,,,,,,,,,,
NON_SPOUSE_BENF,"Non-Spouse Joint Life Beneficiary Indicator (Y=Yes, N=No) - BSRS Sets to 'Y' When Non-Spouse Beneficiary",TEXT,X,,,,,,,,,,,,,,,,,,,,,,,,,,,,,,,,,,,,,,,,,,,,,,,,,,,,,,
APSSN,Alternate Payee's Social Security Number,TEXT,X,,,,,,,,,,,,,,,,,,,,,,,,,,,,,,,,,,,,,,,,,,,,,,,,,,,,,,
APFNAME,Alternate Payee's First Name (do NOT include period for initial),TEXT,X,,,,,,,,,,,,,,,,,,,,,,,,,,,,,,,,,,,,,,,,,,,,,,,,,,,,,,
APMNAME,Alternate Payee's Middle Name (do NOT include period for initial),TEXT,X,,,,,,,,,,,,,,,,,,,,,,,,,,,,,,,,,,,,,,,,,,,,,,,,,,,,,,
APLNAME,form_co,TEXT,X,,,,,,,,,,,,,,,,,,,,,,,,,,,,,,,,,,,,,,,,,,,,,,,,,,,,,,
APENAME,"Alternate Payee's Extra Name (JR, SR, I, II, III, etc - do NOT include periods) ",TEXT,X,,,,,,,,,,,,,,,,,,,,,,,,,,,,,,,,,,,,,,,,,,,,,,,,,,,,,,
APSEX,"Alternate Payee's Gender (M=Male, F=Female, U=Unknown) ",TEXT,X,,,,,,,,,,,,,,,,,,,,,,,,,,,,,,,,,,,,,,,,,,,,,,,,,,,,,,
APDOB,Alternate Payee's Date of Birth,DATE/TIME,X,,,,,,,,,,,,,,,,,,,,,,,,,,,,,,,,,,,,,,,,,,,,,,,,,,,,,,
APDOD,Alternate Payee's Date of Death,DATE/TIME,X,,,,,,,,,,,,,,,,,,,,,,,,,,,,,,,,,,,,,,,,,,,,,,,,,,,,,,
AP_VAL_IND,"Alternate Payee Included in Valuation Population (Y=Yes, N=No)",TEXT,X,,,,,,,,,,,,,,,,,,,,,,,,,,,,,,,,,,,,,,,,,,,,,,,,,,,,,,
QDRO_INDICATOR,"QDRO Indicator (Y=Yes, N=No)",TEXT,X,,,,,,,,,,,,,,,,,,,,,,,,,,,,,,,,,,,,,,,,,,,,,,,,,,,,,,
QDRO_TYPE,"QDRO Type (SH=Shared, SI=Separate Interest)",TEXT,X,,,,,,,,,,,,,,,,,,,,,,,,,,,,,,,,,,,,,,,,,,,,,,,,,,,,,,
QDRO_SUB_TYPE,"QDRO Sub-Type (F=Fixed Dollar, P=Percentage)",TEXT,X,,,,,,,,,,,,,,,,,,,,,,,,,,,,,,,,,,,,,,,,,,,,,,,,,,,,,,
AP_FIXED_AMT,QDRO Fixed Dollar Amount to Alternate Payee,CURRENCY,X,,,,,,,,,,,,,,,,,,,,,,,,,,,,,,,,,,,,,,,,,,,,,,,,,,,,,,
AP_PERCENT,QDRO Percentage to Alternate Payee (50% x marital fraction of 10/20 = 0.25),NUMBER,X,,,,,,,,,,,,,,,,,,,,,,,,,,,,,,,,,,,,,,,,,,,,,,,,,,,,,,
PBGC_AP_PERCENT,PBGC Alternate Payee Percentage for Calculations,NUMBER,,X,,,,,,,,,,,,,,,,,,,,,,,,,,,,,,,,,,,,,,,,,,,,,,,,,,,,,
AP_REQ_DOR,Alternate Payee ARD Required by QDRO,DATE/TIME,X,,,,,,,,,,,,,,,,,,,,,,,,,,,,,,,,,,,,,,,,,,,,,,,,,,,,,,
AMB_SPLIT_DATE,Accrued Monthly Benefit at QDRO Split Date,CURRENCY,X,,,,,,,,,,,,,,,,,,,,,,,,,,,,,,,,,,,,,,,,,,,,,,,,,,,,,,
ER_SUBSIDY_IND,"Early Retirement Subsidy Indicator for Alternate Payee (Y=Yes, N=No)",TEXT,X,,,,,,,,,,,,,,,,,,,,,,,,,,,,,,,,,,,,,,,,,,,,,,,,,,,,,,
QDRO_SPLIT_DATE,QDRO Accrued Benefit Split Date,DATE/TIME,X,,,,,,,,,,,,,,,,,,,,,,,,,,,,,,,,,,,,,,,,,,,,,,,,,,,,,,
QDRO_PROV_DATE,QDRO Final Provision Date (effective date of that provision before QDRO_SPLIT_DATE),DATE/TIME,X,,,,,,,,,,,,,,,,,,,,,,,,,,,,,,,,,,,,,,,,,,,,,,,,,,,,,,
CALC_INDICATOR,"Calculation Indicator (V=Valuation, R=Recalculation) - BSRS Sets to 'R' When Running a Recalculation",TEXT,,X,,,,,,,,,,,,,,,,,,,,,,,,,,,,,,,,,,,,,,,,,,,,,,,,,,,,,
ANNUITY_TYPE,"Annuity Type Indicator (0=Plan NSF for Participants or Plan QPSA Form for QPSA Beneficiaries, 1=Plan NMF, 2=Plan Optional Form, 3=PBGC Optional Form - Used by BSRS to Identify PBGC Optional joint life annuities)",TEXT,X,,,,,,,,,,,,,,,,,,,,,,,,,,,,,,,,,,,,,,,,,,,,,,,,,,,,,,
QPSA_INDICATOR,"QPSA Calculation Indicator (Y=Yes, N=No) - BSRS Sets to 'Y' When Participant Died Before Retiring",TEXT,X,,,,,,,,,,,,,,,,,,,,,,,,,,,,,,,,,,,,,,,,,,,,,,,,,,,,,,
OFA_INDICATOR,"PBGC Optional Forms of Annuity Output Indicator (Y=Yes, N=No) (Analogous to BR_IND and BS_IND) - Used by BSRS to Control PBGC Optional Forms Output",TEXT,,X,,,,,,,,,,,,,,,,,,,,,,,,,,,,,,,,,,,,,,,,,,,,,,,,,,,,,
EMPLOYEE_CODE1,"Employee Code 1 (Hourly, Salary, Canton, Buffulo, etc.)",TEXT,X,,,,,,,,,,,,,,,,,,,,,,,,,,,,,,,,,,,,,,,,,,,,,,,,,,,,,,
EMPLOYEE_CODE1_DESC,"Employee Code 1 Description (Type, Location, etc.)",TEXT,X,,,,,,,,,,,,,,,,,,,,,,,,,,,,,,,,,,,,,,,,,,,,,,,,,,,,,,
EMPLOYEE_CODE2,"Employee Code 2 (Hourly, Salary, Canton, Buffulo, etc.)",TEXT,X,,,,,,,,,,,,,,,,,,,,,,,,,,,,,,,,,,,,,,,,,,,,,,,,,,,,,,
EMPLOYEE_CODE2_DESC,"Employee Code 2 Description (Type, Location, etc.)",TEXT,X,,,,,,,,,,,,,,,,,,,,,,,,,,,,,,,,,,,,,,,,,,,,,,,,,,,,,,
EMPLOYEE_CODE3,"Employee Code 3 (Hourly, Salary, Canton, Buffulo, etc.)",TEXT,X,,,,,,,,,,,,,,,,,,,,,,,,,,,,,,,,,,,,,,,,,,,,,,,,,,,,,,
EMPLOYEE_CODE3_DESC,"Employee Code 3 Description (Type, Location, etc.)",TEXT,X,,,,,,,,,,,,,,,,,,,,,,,,,,,,,,,,,,,,,,,,,,,,,,,,,,,,,,
EMPLOYEE_CODE4,"Employee Code 4 (Hourly, Salary, Canton, Buffulo, etc.)",TEXT,X,,,,,,,,,,,,,,,,,,,,,,,,,,,,,,,,,,,,,,,,,,,,,,,,,,,,,,
EMPLOYEE_CODE4_DESC,"Employee Code 4 Description (Type, Location, etc.)",TEXT,X,,,,,,,,,,,,,,,,,,,,,,,,,,,,,,,,,,,,,,,,,,,,,,,,,,,,,,
EMPLOYEE_CODE5,"Employee Code 5 (Hourly, Salary, Canton, Buffulo, etc.)",TEXT,X,,,,,,,,,,,,,,,,,,,,,,,,,,,,,,,,,,,,,,,,,,,,,,,,,,,,,,
EMPLOYEE_CODE5_DESC,"Employee Code 5 Description (Type, Location, etc.)",TEXT,X,,,,,,,,,,,,,,,,,,,,,,,,,,,,,,,,,,,,,,,,,,,,,,,,,,,,,,
DOBS1,First Break-In-Service Date,DATE/TIME,X,,,,,,,,,,,,,,,,,,,,,,,,,,,,,,,,,,,,,,,,,,,,,,,,,,,,,,
DORH1,First Re-Hire Date,DATE/TIME,X,,,,,,,,,,,,,,,,,,,,,,,,,,,,,,,,,,,,,,,,,,,,,,,,,,,,,,
BREAK1_DESC,"Description for First Break-In-Service (Layoff, Short Term Disability, Break-In-Service, etc.)",TEXT,X,,,,,,,,,,,,,,,,,,,,,,,,,,,,,,,,,,,,,,,,,,,,,,,,,,,,,,
DOBS2,Second Break-In-Service Date,DATE/TIME,X,,,,,,,,,,,,,,,,,,,,,,,,,,,,,,,,,,,,,,,,,,,,,,,,,,,,,,
DORH2,Second Re-Hire Date,DATE/TIME,X,,,,,,,,,,,,,,,,,,,,,,,,,,,,,,,,,,,,,,,,,,,,,,,,,,,,,,
BREAK2_DESC,"Description for Second Break-In-Service (Layoff, Short Term Disability, Break-In-Service, etc.)",TEXT,X,,,,,,,,,,,,,,,,,,,,,,,,,,,,,,,,,,,,,,,,,,,,,,,,,,,,,,
DOBS3,Third Break-In-Service Date,DATE/TIME,X,,,,,,,,,,,,,,,,,,,,,,,,,,,,,,,,,,,,,,,,,,,,,,,,,,,,,,
DORH3,Third Re-Hire Date,DATE/TIME,X,,,,,,,,,,,,,,,,,,,,,,,,,,,,,,,,,,,,,,,,,,,,,,,,,,,,,,
BREAK3_DESC,"Description for Third Break-In-Service (Layoff, Short Term Disability, Break-In-Service, etc.)",TEXT,X,,,,,,,,,,,,,,,,,,,,,,,,,,,,,,,,,,,,,,,,,,,,,,,,,,,,,,
DOBS4,Fourth Break-In-Service Date,DATE/TIME,X,,,,,,,,,,,,,,,,,,,,,,,,,,,,,,,,,,,,,,,,,,,,,,,,,,,,,,
DORH4,Fourth Re-Hire Date,DATE/TIME,X,,,,,,,,,,,,,,,,,,,,,,,,,,,,,,,,,,,,,,,,,,,,,,,,,,,,,,
BREAK4_DESC,"Description for Fourth Break-In-Service (Layoff, Short Term Disability, Break-In-Service, etc.)",TEXT,X,,,,,,,,,,,,,,,,,,,,,,,,,,,,,,,,,,,,,,,,,,,,,,,,,,,,,,
DOBS5,Fifth Break-In-Service Date,DATE/TIME,X,,,,,,,,,,,,,,,,,,,,,,,,,,,,,,,,,,,,,,,,,,,,,,,,,,,,,,
DORH5,Fifth Re-Hire Date,DATE/TIME,X,,,,,,,,,,,,,,,,,,,,,,,,,,,,,,,,,,,,,,,,,,,,,,,,,,,,,,
BREAK5_DESC,"Description for Fifth Break-In-Service (Layoff, Short Term Disability, Break-In-Service, etc.)",TEXT,X,,,,,,,,,,,,,,,,,,,,,,,,,,,,,,,,,,,,,,,,,,,,,,,,,,,,,,
DOBS6,Sixth Break-In-Service Date,DATE/TIME,X,,,,,,,,,,,,,,,,,,,,,,,,,,,,,,,,,,,,,,,,,,,,,,,,,,,,,,
DORH6,Sixth Re-Hire Date,DATE/TIME,X,,,,,,,,,,,,,,,,,,,,,,,,,,,,,,,,,,,,,,,,,,,,,,,,,,,,,,
BREAK6_DESC,"Description for Sixth Break-In-Service (Layoff, Short Term Disability, Break-In-Service, etc.)",TEXT,X,,,,,,,,,,,,,,,,,,,,,,,,,,,,,,,,,,,,,,,,,,,,,,,,,,,,,,
DOBS7,Seventh Break-In-Service Date,DATE/TIME,X,,,,,,,,,,,,,,,,,,,,,,,,,,,,,,,,,,,,,,,,,,,,,,,,,,,,,,
DORH7,Seventh Re-Hire Date,DATE/TIME,X,,,,,,,,,,,,,,,,,,,,,,,,,,,,,,,,,,,,,,,,,,,,,,,,,,,,,,
BREAK7_DESC,"Description for Seventh Break-In-Service (Layoff, Short Term Disability, Break-In-Service, etc.)",TEXT,X,,,,,,,,,,,,,,,,,,,,,,,,,,,,,,,,,,,,,,,,,,,,,,,,,,,,,,
DOBS8,Eighth Break-In-Service Date,DATE/TIME,X,,,,,,,,,,,,,,,,,,,,,,,,,,,,,,,,,,,,,,,,,,,,,,,,,,,,,,
DORH8,Eighth Re-Hire Date,DATE/TIME,X,,,,,,,,,,,,,,,,,,,,,,,,,,,,,,,,,,,,,,,,,,,,,,,,,,,,,,
BREAK8_DESC,"Description for Eighth Break-In-Service (Layoff, Short Term Disability, Break-In-Service, etc.)",TEXT,X,,,,,,,,,,,,,,,,,,,,,,,,,,,,,,,,,,,,,,,,,,,,,,,,,,,,,,
DOBS9,Ninth Break-In-Service Date,DATE/TIME,X,,,,,,,,,,,,,,,,,,,,,,,,,,,,,,,,,,,,,,,,,,,,,,,,,,,,,,
DORH9,Ninth Re-Hire Date,DATE/TIME,X,,,,,,,,,,,,,,,,,,,,,,,,,,,,,,,,,,,,,,,,,,,,,,,,,,,,,,
BREAK9_DESC,"Description for Ninth Break-In-Service (Layoff, Short Term Disability, Break-In-Service, etc.)",TEXT,X,,,,,,,,,,,,,,,,,,,,,,,,,,,,,,,,,,,,,,,,,,,,,,,,,,,,,,
DOBS10,Tenth Break-In-Service Date,DATE/TIME,X,,,,,,,,,,,,,,,,,,,,,,,,,,,,,,,,,,,,,,,,,,,,,,,,,,,,,,
DORH10,Tenth Re-Hire Date,DATE/TIME,X,,,,,,,,,,,,,,,,,,,,,,,,,,,,,,,,,,,,,,,,,,,,,,,,,,,,,,
BREAK10_DESC,"Description for Tenth Break-In-Service (Layoff, Short Term Disability, Break-In-Service, etc.)",TEXT,X,,,,,,,,,,,,,,,,,,,,,,,,,,,,,,,,,,,,,,,,,,,,,,,,,,,,,,
TRANSD1,First Transfer Date,DATE/TIME,X,,,,,,,,,,,,,,,,,,,,,,,,,,,,,,,,,,,,,,,,,,,,,,,,,,,,,,
TRANSFER1_DESC,"Description for First Transfer (Hourly to Salary, Union to Non-Union, etc.)",TEXT,X,,,,,,,,,,,,,,,,,,,,,,,,,,,,,,,,,,,,,,,,,,,,,,,,,,,,,,
TRANSD2,Second Transfer Date,DATE/TIME,X,,,,,,,,,,,,,,,,,,,,,,,,,,,,,,,,,,,,,,,,,,,,,,,,,,,,,,
TRANSFER2_DESC,"Description for Second Transfer (Hourly to Salary, Union to Non-Union, etc.)",TEXT,X,,,,,,,,,,,,,,,,,,,,,,,,,,,,,,,,,,,,,,,,,,,,,,,,,,,,,,
TRANSD3,Third Transfer Date,DATE/TIME,X,,,,,,,,,,,,,,,,,,,,,,,,,,,,,,,,,,,,,,,,,,,,,,,,,,,,,,
TRANSFER3_DESC,"Description for Third Transfer (Hourly to Salary, Union to Non-Union, etc.)",TEXT,X,,,,,,,,,,,,,,,,,,,,,,,,,,,,,,,,,,,,,,,,,,,,,,,,,,,,,,
TRANSD4,Fourth Transfer Date,DATE/TIME,X,,,,,,,,,,,,,,,,,,,,,,,,,,,,,,,,,,,,,,,,,,,,,,,,,,,,,,
TRANSFER4_DESC,"Description for Fourth Transfer (Hourly to Salary, Union to Non-Union, etc.)",TEXT,X,,,,,,,,,,,,,,,,,,,,,,,,,,,,,,,,,,,,,,,,,,,,,,,,,,,,,,
TRANSD5,Fifth Transfer Date,DATE/TIME,X,,,,,,,,,,,,,,,,,,,,,,,,,,,,,,,,,,,,,,,,,,,,,,,,,,,,,,
TRANSFER5_DESC,"Description for Fifth Transfer (Hourly to Salary, Union to Non-Union, etc.)",TEXT,X,,,,,,,,,,,,,,,,,,,,,,,,,,,,,,,,,,,,,,,,,,,,,,,,,,,,,,
TRANSD6,Sixth Transfer Date,DATE/TIME,X,,,,,,,,,,,,,,,,,,,,,,,,,,,,,,,,,,,,,,,,,,,,,,,,,,,,,,
TRANSFER6_DESC,"Description for Sixth Transfer (Hourly to Salary, Union to Non-Union, etc.)",TEXT,X,,,,,,,,,,,,,,,,,,,,,,,,,,,,,,,,,,,,,,,,,,,,,,,,,,,,,,
TRANSD7,Seventh Transfer Date,DATE/TIME,X,,,,,,,,,,,,,,,,,,,,,,,,,,,,,,,,,,,,,,,,,,,,,,,,,,,,,,
TRANSFER7_DESC,"Description for Seventh Transfer (Hourly to Salary, Union to Non-Union, etc.)",TEXT,X,,,,,,,,,,,,,,,,,,,,,,,,,,,,,,,,,,,,,,,,,,,,,,,,,,,,,,
TRANSD8,Eighth Transfer Date,DATE/TIME,X,,,,,,,,,,,,,,,,,,,,,,,,,,,,,,,,,,,,,,,,,,,,,,,,,,,,,,
TRANSFER8_DESC,"Description for Eighth Transfer (Hourly to Salary, Union to Non-Union, etc.)",TEXT,X,,,,,,,,,,,,,,,,,,,,,,,,,,,,,,,,,,,,,,,,,,,,,,,,,,,,,,
TRANSD9,Ninth Transfer Date,DATE/TIME,X,,,,,,,,,,,,,,,,,,,,,,,,,,,,,,,,,,,,,,,,,,,,,,,,,,,,,,
TRANSFER9_DESC,"Description for Ninth Transfer (Hourly to Salary, Union to Non-Union, etc.)",TEXT,X,,,,,,,,,,,,,,,,,,,,,,,,,,,,,,,,,,,,,,,,,,,,,,,,,,,,,,
TRANSD10,Tenth Transfer Date,DATE/TIME,X,,,,,,,,,,,,,,,,,,,,,,,,,,,,,,,,,,,,,,,,,,,,,,,,,,,,,,
TRANSFER10_DESC,"Description for Tenth Transfer (Hourly to Salary, Union to Non-Union, etc.)",TEXT,X,,,,,,,,,,,,,,,,,,,,,,,,,,,,,,,,,,,,,,,,,,,,,,,,,,,,,,
POST_DOPT_DOTE,Date of Termination of Employment After DOPT for On-Going Plans (Working Retirement Issue),DATE/TIME,X,,,,,,,,,,,,,,,,,,,,,,,,,,,,,,,,,,,,,,,,,,,,,,,,,,,,,,
TEMP_MTHS,Remaining Number of Months Temporary in the Primary Level Life XRD Benefit Form,NUMBER,,X,,,,,,,,,,,,,,,,,,,,,,,,,,,,,,,,,,,,,,,,,,,,,,,,,,,,,
TEMP_MTHS_ARD,Original Number of Months Temporary in the Primary Level Life ARD Benefit Form ,NUMBER,X,,,,,,,,,,,,,,,,,,,,,,,,,,,,,,,,,,,,,,,,,,,,,,,,,,,,,,
PA_AMB,Plan Administrator Accrued Monthly Benefit at DOTE,CURRENCY,X,,,,,,,,,,,,,,,,,,,,,,,,,,,,,,,,,,,,,,,,,,,,,,,,,,,,,,
PA_ACOMP,Plan Administrator Average Compensation at DOTE,CURRENCY,X,,,,,,,,,,,,,,,,,,,,,,,,,,,,,,,,,,,,,,,,,,,,,,,,,,,,,,
PAYMENT_ADM_INDICATOR,Indicator for Who Placed Participant Into Pay (PLAN or PBGC),TEXT,X,,,,,,,,,,,,,,,,,,,,,,,,,,,,,,,,,,,,,,,,,,,,,,,,,,,,,,
FORM_CODE_PTP,Form of Annuity Elected by the Participant (For Beneficiaries in Pay) (same codes as FORM_CODE in C1 table),TEXT,X,,,,,,,,,,,,,,,,,,,,,,,,,,,,,,,,,,,,,,,,,,,,,,,,,,,,,,
SPC_PTP,Survivor Percent Elected by the Participant (For Beneficiaries in Pay),NUMBER,X,,,,,,,,,,,,,,,,,,,,,,,,,,,,,,,,,,,,,,,,,,,,,,,,,,,,,,
MTHS_PTP,,NUMBER,X,,,,,,,,,,,,,,,,,,,,,,,,,,,,,,,,,,,,,,,,,,,,,,,,,,,,,,
FORM_CODE_DEATH,"Form of Annuity for Beneficiary after Participant's Post-DOPT Death (same codes as FORM_CODE in C1 table)
If the participant dies after DOPT and before retiring, this is field is populated with the form of annuity for the QPSA benefit commenced by the spouse.",TEXT,,X,,,,,,,,,,,,,,,,,,,,,,,,,,,,,,,,,,,,,,,,,,,,,,,,,,,,,
MTHSREM_DEATH,Months Certain Remaining for Beneficiary after Participan't Post-DOPT Death,NUMBER,,X,,,,,,,,,,,,,,,,,,,,,,,,,,,,,,,,,,,,,,,,,,,,,,,,,,,,,
FREQ_PAY_AMT1,"Payment Frequency for Benefit in PAY_AMT1 (M=Monthly, A=Annual)",TEXT,X,,,,,,,,,,,,,,,,,,,,,,,,,,,,,,,,,,,,,,,,,,,,,,,,,,,,,,
PAYEE_PAY_AMT1,"Payee for Benefit in PAY_AMT1 (PP=Participant, SP=Spouse, BE=Non-Spouse Beneficiary, AP=Alternate Payee)",TEXT,X,,,,,,,,,,,,,,,,,,,,,,,,,,,,,,,,,,,,,,,,,,,,,,,,,,,,,,
FORM_DESC_PAY_AMT1,"Form of Annuity for Benefit in PAY_AMT1 (SLA, J&50%S, 5 C&C, etc.)",TEXT,X,,,,,,,,,,,,,,,,,,,,,,,,,,,,,,,,,,,,,,,,,,,,,,,,,,,,,,
FREQ_PAY_AMT2,"Payment Frequency for Benefit in PAY_AMT2 (M=Monthly, A=Annual)",TEXT,X,,,,,,,,,,,,,,,,,,,,,,,,,,,,,,,,,,,,,,,,,,,,,,,,,,,,,,
PAYEE_PAY_AMT2,"Payee for Benefit in PAY_AMT2 (PP=Participant, SP=Spouse, BE=Non-Spouse Beneficiary, AP=Alternate Payee)",TEXT,X,,,,,,,,,,,,,,,,,,,,,,,,,,,,,,,,,,,,,,,,,,,,,,,,,,,,,,
FORM_DESC_PAY_AMT2,"Form of Annuity for Benefit in PAY_AMT2 (SLA, J&50%S, 5 C&C, etc.)",TEXT,X,,,,,,,,,,,,,,,,,,,,,,,,,,,,,,,,,,,,,,,,,,,,,,,,,,,,,,
PAY_AMT3,Estimated Payment Amount,CURRENCY,X,,,,,,,,,,,,,,,,,,,,,,,,,,,,,,,,,,,,,,,,,,,,,,,,,,,,,,
BD_PAY_AMT3,Begin Date for Benefit in PAY_AMT3,DATE/TIME,X,,,,,,,,,,,,,,,,,,,,,,,,,,,,,,,,,,,,,,,,,,,,,,,,,,,,,,
ED_PAY_AMT3,End Date (last day benefit payable) for Benefit in PAY_AMT3,DATE/TIME,X,,,,,,,,,,,,,,,,,,,,,,,,,,,,,,,,,,,,,,,,,,,,,,,,,,,,,,
FREQ_PAY_AMT3,"Payment Frequency for Benefit in PAY_AMT3 (M=Monthly, A=Annual)",TEXT,X,,,,,,,,,,,,,,,,,,,,,,,,,,,,,,,,,,,,,,,,,,,,,,,,,,,,,,
PAYEE_PAY_AMT3,"Payee for Benefit in PAY_AMT3 (PP=Participant, SP=Spouse, BE=Non-Spouse Beneficiary, AP=Alternate Payee)",TEXT,X,,,,,,,,,,,,,,,,,,,,,,,,,,,,,,,,,,,,,,,,,,,,,,,,,,,,,,
FORM_DESC_PAY_AMT3,"Form of Annuity for Benefit in PAY_AMT3 (SLA, J&50%S, 5 C&C, etc.)",TEXT,X,,,,,,,,,,,,,,,,,,,,,,,,,,,,,,,,,,,,,,,,,,,,,,,,,,,,,,
PAY_AMT4,Estimated Payment Amount,CURRENCY,X,,,,,,,,,,,,,,,,,,,,,,,,,,,,,,,,,,,,,,,,,,,,,,,,,,,,,,
BD_PAY_AMT4,Begin Date for Benefit in PAY_AMT4,DATE/TIME,X,,,,,,,,,,,,,,,,,,,,,,,,,,,,,,,,,,,,,,,,,,,,,,,,,,,,,,
ED_PAY_AMT4,End Date (last day benefit payable) for Benefit in PAY_AMT4,DATE/TIME,X,,,,,,,,,,,,,,,,,,,,,,,,,,,,,,,,,,,,,,,,,,,,,,,,,,,,,,
FREQ_PAY_AMT4,"Payment Frequency for Benefit in PAY_AMT4 (M=Monthly, A=Annual)",TEXT,X,,,,,,,,,,,,,,,,,,,,,,,,,,,,,,,,,,,,,,,,,,,,,,,,,,,,,,
PAYEE_PAY_AMT4,"Payee for Benefit in PAY_AMT4 (PP=Participant, SP=Spouse, BE=Non-Spouse Beneficiary, AP=Alternate Payee)",TEXT,X,,,,,,,,,,,,,,,,,,,,,,,,,,,,,,,,,,,,,,,,,,,,,,,,,,,,,,
FORM_DESC_PAY_AMT4,"Form of Annuity for Benefit in PAY_AMT4 (SLA, J&50%S, 5 C&C, etc.)",TEXT,X,,,,,,,,,,,,,,,,,,,,,,,,,,,,,,,,,,,,,,,,,,,,,,,,,,,,,,
PAY_AMT5,Estimated Payment Amount,CURRENCY,X,,,,,,,,,,,,,,,,,,,,,,,,,,,,,,,,,,,,,,,,,,,,,,,,,,,,,,
BD_PAY_AMT5,Begin Date for Benefit in PAY_AMT5,DATE/TIME,X,,,,,,,,,,,,,,,,,,,,,,,,,,,,,,,,,,,,,,,,,,,,,,,,,,,,,,
ED_PAY_AMT5,End Date (last day benefit payable) for Benefit in PAY_AMT5,DATE/TIME,X,,,,,,,,,,,,,,,,,,,,,,,,,,,,,,,,,,,,,,,,,,,,,,,,,,,,,,
FREQ_PAY_AMT5,"Payment Frequency for Benefit in PAY_AMT5 (M=Monthly, A=Annual)",TEXT,X,,,,,,,,,,,,,,,,,,,,,,,,,,,,,,,,,,,,,,,,,,,,,,,,,,,,,,
PAYEE_PAY_AMT5,"Payee for Benefit in PAY_AMT5 (PP=Participant, SP=Spouse, BE=Non-Spouse Beneficiary, AP=Alternate Payee)",TEXT,X,,,,,,,,,,,,,,,,,,,,,,,,,,,,,,,,,,,,,,,,,,,,,,,,,,,,,,
FORM_DESC_PAY_AMT5,"Form of Annuity for Benefit in PAY_AMT5 (SLA, J&50%S, 5 C&C, etc.)",TEXT,X,,,,,,,,,,,,,,,,,,,,,,,,,,,,,,,,,,,,,,,,,,,,,,,,,,,,,,
PAY_AMT6,Estimated Payment Amount,CURRENCY,X,,,,,,,,,,,,,,,,,,,,,,,,,,,,,,,,,,,,,,,,,,,,,,,,,,,,,,
BD_PAY_AMT6,Begin Date for Benefit in PAY_AMT6,DATE/TIME,X,,,,,,,,,,,,,,,,,,,,,,,,,,,,,,,,,,,,,,,,,,,,,,,,,,,,,,
ED_PAY_AMT6,End Date (last day benefit payable) for Benefit in PAY_AMT6,DATE/TIME,X,,,,,,,,,,,,,,,,,,,,,,,,,,,,,,,,,,,,,,,,,,,,,,,,,,,,,,
FREQ_PAY_AMT6,"Payment Frequency for Benefit in PAY_AMT6 (M=Monthly, A=Annual)",TEXT,X,,,,,,,,,,,,,,,,,,,,,,,,,,,,,,,,,,,,,,,,,,,,,,,,,,,,,,
PAYEE_PAY_AMT6,"Payee for Benefit in PAY_AMT6 (PP=Participant, SP=Spouse, BE=Non-Spouse Beneficiary, AP=Alternate Payee)",TEXT,X,,,,,,,,,,,,,,,,,,,,,,,,,,,,,,,,,,,,,,,,,,,,,,,,,,,,,,
FORM_DESC_PAY_AMT6,"Form of Annuity for Benefit in PAY_AMT6 (SLA, J&50%S, 5 C&C, etc.)",TEXT,X,,,,,,,,,,,,,,,,,,,,,,,,,,,,,,,,,,,,,,,,,,,,,,,,,,,,,,
BDL_TYPE,BDL Type Code,TEXT,X,,,,,,,,,,,,,,,,,,,,,,,,,,,,,,,,,,,,,,,,,,,,,,,,,,,,,,
BDL_DATE,BDL Issue Date,DATE/TIME,X,,,,,,,,,,,,,,,,,,,,,,,,,,,,,,,,,,,,,,,,,,,,,,,,,,,,,,
BDL_PAYEE,BDL Recipient,TEXT,X,,,,,,,,,,,,,,,,,,,,,,,,,,,,,,,,,,,,,,,,,,,,,,,,,,,,,,
BDL_APPROVED,"BDL Reviewed by Actuary (Y=Yes, N=No)",TEXT,X,,,,,,,,,,,,,,,,,,,,,,,,,,,,,,,,,,,,,,,,,,,,,,,,,,,,,,
EALG_CODE1,eALG Code 1,TEXT,,X,,,,,,,,,,,,,,,,,,,,,,,,,,,,,,,,,,,,,,,,,,,,,,,,,,,,,
EALG_CODE2,eALG Code 2,TEXT,,X,,,,,,,,,,,,,,,,,,,,,,,,,,,,,,,,,,,,,,,,,,,,,,,,,,,,,
SPEC_BEN1_ELIG,"Eligibility Indicator for Special Benefit 1 (Y=Yes, N=No)",TEXT,,X,,,,,,,,,,,,,,,,,,,,,,,,,,,,,,,,,,,,,,,,,,,,,,,,,,,,,
SPEC_BEN1_DESC,"Special Benefit 1 Description (Free 5-Year Certain, Free Surviving Spouse, Shutdown, etc.)",TEXT,,X,,,,,,,,,,,,,,,,,,,,,,,,,,,,,,,,,,,,,,,,,,,,,,,,,,,,,
SPEC_BEN2_ELIG,"Eligibility Indicator for Special Benefit 2 (Y=Yes, N=No)",TEXT,,X,,,,,,,,,,,,,,,,,,,,,,,,,,,,,,,,,,,,,,,,,,,,,,,,,,,,,
SPEC_BEN2_DESC,"Special Benefit 2 Description (Free 5-Year Certain, Free Surviving Spouse, Shutdown, etc.)",TEXT,,X,,,,,,,,,,,,,,,,,,,,,,,,,,,,,,,,,,,,,,,,,,,,,,,,,,,,,
SPEC_BEN3_ELIG,"Eligibility Indicator for Special Benefit 3 (Y=Yes, N=No)",TEXT,,X,,,,,,,,,,,,,,,,,,,,,,,,,,,,,,,,,,,,,,,,,,,,,,,,,,,,,
SPEC_BEN3_DESC,"Special Benefit 3 Description (Free 5-Year Certain, Free Surviving Spouse, Shutdown, etc.)",TEXT,,X,,,,,,,,,,,,,,,,,,,,,,,,,,,,,,,,,,,,,,,,,,,,,,,,,,,,,
SPEC_BEN4_ELIG,"Eligibility Indicator for Special Benefit 4 (Y=Yes, N=No)",TEXT,,X,,,,,,,,,,,,,,,,,,,,,,,,,,,,,,,,,,,,,,,,,,,,,,,,,,,,,
SPEC_BEN4_DESC,"Special Benefit 4 Description (Free 5-Year Certain, Free Surviving Spouse, Shutdown, etc.)",TEXT,,X,,,,,,,,,,,,,,,,,,,,,,,,,,,,,,,,,,,,,,,,,,,,,,,,,,,,,
SPEC_BEN5_ELIG,"Eligibility Indicator for Special Benefit 5 (Y=Yes, N=No)",TEXT,,X,,,,,,,,,,,,,,,,,,,,,,,,,,,,,,,,,,,,,,,,,,,,,,,,,,,,,
SPEC_BEN5_DESC,"Special Benefit 5 Description (Free 5-Year Certain, Free Surviving Spouse, Shutdown, etc.)",TEXT,,X,,,,,,,,,,,,,,,,,,,,,,,,,,,,,,,,,,,,,,,,,,,,,,,,,,,,,
SS_DISABILITY_DATE,Social Security Disability Date,DATE/TIME,X,,,,,,,,,,,,,,,,,,,,,,,,,,,,,,,,,,,,,,,,,,,,,,,,,,,,,,
PLAN_DISABILITY_DATE,Plan Disability Date,DATE/TIME,X,,,,,,,,,,,,,,,,,,,,,,,,,,,,,,,,,,,,,,,,,,,,,,,,,,,,,,
CURRENT_DATE,Current Date for Benefit Statements,DATE/TIME,,X,,,,,,,,,,,,,,,,,,,,,,,,,,,,,,,,,,,,,,,,,,,,,,,,,,,,,
BEN_CHNG_IND,"""Does the Pay Status Benefit Increase, Decrease, Match, No Change"" (I, D, M, or N)",TEXT,,X,,,,,,,,,,,,,,,,,,,,,,,,,,,,,,,,,,,,,,,,,,,,,,,,,,,,,
REASON,Reason Benefit In Pay Is Changing,MEMO,,X,,,,,,,,,,,,,,,,,,,,,,,,,,,,,,,,,,,,,,,,,,,,,,,,,,,,,
BS_PARAGRAPH_1,User Defined Paragraph 1 for Benefit Statement,MEMO,,X,,,,,,,,,,,,,,,,,,,,,,,,,,,,,,,,,,,,,,,,,,,,,,,,,,,,,
BS_PARAGRAPH_2,User Defined Paragraph 2 for Benefit Statement,MEMO,,X,,,,,,,,,,,,,,,,,,,,,,,,,,,,,,,,,,,,,,,,,,,,,,,,,,,,,
BS_PARAGRAPH_3,User Defined Paragraph 3 for Benefit Statement,MEMO,,X,,,,,,,,,,,,,,,,,,,,,,,,,,,,,,,,,,,,,,,,,,,,,,,,,,,,,
BS_PARAGRAPH_4,User Defined Paragraph 4 for Benefit Statement,MEMO,,X,,,,,,,,,,,,,,,,,,,,,,,,,,,,,,,,,,,,,,,,,,,,,,,,,,,,,
BS_PARAGRAPH_5,User Defined Paragraph 5 for Benefit Statement,MEMO,,X,,,,,,,,,,,,,,,,,,,,,,,,,,,,,,,,,,,,,,,,,,,,,,,,,,,,,
MAN_STMT_IND,Manual Statement Indicator (Y=Yes or N=No),TEXT,,X,,,,,,,,,,,,,,,,,,,,,,,,,,,,,,,,,,,,,,,,,,,,,,,,,,,,,
PBGC_OPT_PV_NSF,Present Value of Termination Benefit in Normal Single Form of Annuity for PBGC Optional Forms of Annuity Calculations,CURRENCY,,X,,,,,,,,,,,,,,,,,,,,,,,,,,,,,,,,,,,,,,,,,,,,,,,,,,,,,
PBGC_OPT_PV_NMF,Present Value of Termination Benefit in Normal Married Form of Annuity for PBGC Optional Forms of Annuity Calculations,CURRENCY,,X,,,,,,,,,,,,,,,,,,,,,,,,,,,,,,,,,,,,,,,,,,,,,,,,,,,,,
PBGC_OPT_SLA,PBGC Optional Straight Life Annuity Benefit Amount,CURRENCY,,X,,,,,,,,,,,,,,,,,,,,,,,,,,,,,,,,,,,,,,,,,,,,,,,,,,,,,
PBGC_OPT_5CC,PBGC Optional 5-Year Certain and Continuous Annuity Benefit Amount,CURRENCY,,X,,,,,,,,,,,,,,,,,,,,,,,,,,,,,,,,,,,,,,,,,,,,,,,,,,,,,
PBGC_OPT_10CC,PBGC Optional 10-Year Certain and Continuous Annuity Benefit Amount,CURRENCY,,X,,,,,,,,,,,,,,,,,,,,,,,,,,,,,,,,,,,,,,,,,,,,,,,,,,,,,
PBGC_OPT_15CC,PBGC Optional 15-Year Certain and Continuous Annuity Benefit Amount,CURRENCY,,X,,,,,,,,,,,,,,,,,,,,,,,,,,,,,,,,,,,,,,,,,,,,,,,,,,,,,
PBGC_OPT_JS50,PBGC Optional Joint and 50% Survivor Annuity Benefit Amount,CURRENCY,,X,,,,,,,,,,,,,,,,,,,,,,,,,,,,,,,,,,,,,,,,,,,,,,,,,,,,,
PBGC_OPT_JS75,PBGC Optional Joint and 75% Survivor Annuity Benefit Amount,CURRENCY,,X,,,,,,,,,,,,,,,,,,,,,,,,,,,,,,,,,,,,,,,,,,,,,,,,,,,,,
PBGC_OPT_JS100,PBGC Optional Joint and 100% Survivor Annuity Benefit Amount,CURRENCY,,X,,,,,,,,,,,,,,,,,,,,,,,,,,,,,,,,,,,,,,,,,,,,,,,,,,,,,
PBGC_OPT_JSPOPUP,PBGC Optional Joint and 50% Survivor Popup Annuity Benefit Amount,CURRENCY,,X,,,,,,,,,,,,,,,,,,,,,,,,,,,,,,,,,,,,,,,,,,,,,,,,,,,,,
TERM_MB_NSF,Termination Monthly Benefit in the Normal Single Form of Annuity for PBGC Optional Forms of Annuity Output,CURRENCY,,X,,,,,,,,,,,,,,,,,,,,,,,,,,,,,,,,,,,,,,,,,,,,,,,,,,,,,
TERM_MB_POPUP,"Amount that Termination Monthly Benefit Pops-Up to if Beneficiary Dies Before Participant for PBGC Optional Forms of Annuity
Only applicable when the plan normal married form of annuity is a J&S Popup annuity.",CURRENCY,,X,,,,,,,,,,,,,,,,,,,,,,,,,,,,,,,,,,,,,,,,,,,,,,,,,,,,,
SUPP1_NSF,1st Supplement in the Normal Single Form of Annuity for PBGC Optional Forms of Annuity Output ,CURRENCY,,X,,,,,,,,,,,,,,,,,,,,,,,,,,,,,,,,,,,,,,,,,,,,,,,,,,,,,
SUPP2_NSF,2nd Supplement in the Normal Single Form of Annuity for PBGC Optional Forms of Annuity Output ,CURRENCY,,X,,,,,,,,,,,,,,,,,,,,,,,,,,,,,,,,,,,,,,,,,,,,,,,,,,,,,
SUPP3_NSF,3rd Supplement in the Normal Single Form of Annuity for PBGC Optional Forms of Annuity Output ,CURRENCY,,X,,,,,,,,,,,,,,,,,,,,,,,,,,,,,,,,,,,,,,,,,,,,,,,,,,,,,
MED_NSF,Medicare Supplement in the Normal Single Form of Annuity for PBGC Optional Forms of Annuity Output ,CURRENCY,,X,,,,,,,,,,,,,,,,,,,,,,,,,,,,,,,,,,,,,,,,,,,,,,,,,,,,,
FSSB1_NSF,Free Surviving Spouse Benefit Before Widow’s SS Offset in the Normal Single Form of Annuity for PBGC Optional Forms of Annuity Output,CURRENCY,,X,,,,,,,,,,,,,,,,,,,,,,,,,,,,,,,,,,,,,,,,,,,,,,,,,,,,,
FSSB2_NSF,Free Surviving Spouse Benefit After Widow’s SS Offset at Earliest Age in the Normal Single Form of Annuity for PBGC Optional Forms of Annuity Output,CURRENCY,,X,,,,,,,,,,,,,,,,,,,,,,,,,,,,,,,,,,,,,,,,,,,,,,,,,,,,,
FSSB3_NSF,Free Surviving Spouse Benefit After Widow’s SS Offset at Full Social Security Retirement Age in the Normal Single Form of Annuity for PBGC Optional Forms of Annuity Output,CURRENCY,,X,,,,,,,,,,,,,,,,,,,,,,,,,,,,,,,,,,,,,,,,,,,,,,,,,,,,,
PBGC_OFA_COMMENTS,Comments for PBGC Optional Forms of Annuity Output,MEMO,,X,,,,,,,,,,,,,,,,,,,,,,,,,,,,,,,,,,,,,,,,,,,,,,,,,,,,,
BEN1_INDICATOR,"Benefit 1 Indicator When Participant Has Multiple Benefits That are Administered Separately (B1, B2, B3, Hourly, Salaried …) (indicator must match Spectrum indicator)
Use these fields when participant has multiple benefit election opportunities; for example if a participant has an Hourly and Salaried benefit under the same plan which can begin at different times and/or under a different form of annuity.",TEXT,,X,,,,,,,,,,,,,,,,,,,,,,,,,,,,,,,,,,,,,,,,,,,,,,,,,,,,,
BEN1_AMOUNT,Benefit 1 Amount When Participant Has Multiple Benefits That are Administered Separately (for XRD Benefit),CURRENCY,,X,,,,,,,,,,,,,,,,,,,,,,,,,,,,,,,,,,,,,,,,,,,,,,,,,,,,,
BEN1_START_DATE,Benefit 1 Start Date When Participant Has Multiple Benefits That are Administered Separately,DATE/TIME,,X,,,,,,,,,,,,,,,,,,,,,,,,,,,,,,,,,,,,,,,,,,,,,,,,,,,,,
BEN1_END_DATE,Benefit 1 End Date (last day benefit payable) When Participant Has Multiple Benefits That are Administered Separately,DATE/TIME,,X,,,,,,,,,,,,,,,,,,,,,,,,,,,,,,,,,,,,,,,,,,,,,,,,,,,,,
BEN1_FORM_CODE,Benefit 1 Form of Annuity Code When Participant Has Multiple Benefits That are Administered Separately (Same Codes as FORM_CODE from C1 table),TEXT,,X,,,,,,,,,,,,,,,,,,,,,,,,,,,,,,,,,,,,,,,,,,,,,,,,,,,,,
BEN1_SPC,Benefit 1 Survivor Percentage When Participant Has Multiple Benefits That are Administered Separately,NUMBER,,X,,,,,,,,,,,,,,,,,,,,,,,,,,,,,,,,,,,,,,,,,,,,,,,,,,,,,
BEN1_MTHS,Benefit 1 Months Certain When Participant Has Multiple Benefits That are Administered Separately,NUMBER,,X,,,,,,,,,,,,,,,,,,,,,,,,,,,,,,,,,,,,,,,,,,,,,,,,,,,,,
BEN1_SUPP_INDICATOR,"Benefit 1 Supplement Indicator (Y=Yes, N=No) When Participant Has Multiple Benefits That are Administered Separately (can be set to Y for only one of the XRD benefits)",TEXT,,X,,,,,,,,,,,,,,,,,,,,,,,,,,,,,,,,,,,,,,,,,,,,,,,,,,,,,
BEN1_FSSB_INDICATOR,"Benefit 1 Free Surviving Spouse Indicator (Y=Yes, N=No) When Participant Has Multiple Benefits That are Administered Separately (can be set to Y for only one of the XRD benefits)",TEXT,,X,,,,,,,,,,,,,,,,,,,,,,,,,,,,,,,,,,,,,,,,,,,,,,,,,,,,,
BEN2_INDICATOR,"Benefit 2 Indicator When Participant Has Multiple Benefits That are Administered Separately (B1, B2, B3, Hourly, Salaried …) (indicator must match Spectrum indicator)
Use these fields when participant has multiple benefit election opportunities; for example if a participant has an Hourly and Salaried benefit under the same plan which can begin at different times and/or under a different form of annuity.",TEXT,,X,,,,,,,,,,,,,,,,,,,,,,,,,,,,,,,,,,,,,,,,,,,,,,,,,,,,,
BEN2_AMOUNT,Benefit 2 Amount When Participant Has Multiple Benefits That are Administered Separately (for XRD Benefit),CURRENCY,,X,,,,,,,,,,,,,,,,,,,,,,,,,,,,,,,,,,,,,,,,,,,,,,,,,,,,,
BEN2_START_DATE,Benefit 2 Start Date When Participant Has Multiple Benefits That are Administered Separately,DATE/TIME,,X,,,,,,,,,,,,,,,,,,,,,,,,,,,,,,,,,,,,,,,,,,,,,,,,,,,,,
BEN2_END_DATE,Benefit 2 End Date (last day benefit payable) When Participant Has Multiple Benefits That are Administered Separately,DATE/TIME,,X,,,,,,,,,,,,,,,,,,,,,,,,,,,,,,,,,,,,,,,,,,,,,,,,,,,,,
BEN2_FORM_CODE,Benefit 2 Form of Annuity Code When Participant Has Multiple Benefits That are Administered Separately (Same Codes as FORM_CODE from C1 table),TEXT,,X,,,,,,,,,,,,,,,,,,,,,,,,,,,,,,,,,,,,,,,,,,,,,,,,,,,,,
BEN2_SPC,Benefit 2 Survivor Percentage When Participant Has Multiple Benefits That are Administered Separately,NUMBER,,X,,,,,,,,,,,,,,,,,,,,,,,,,,,,,,,,,,,,,,,,,,,,,,,,,,,,,
BEN2_MTHS,Benefit 2 Months Certain When Participant Has Multiple Benefits That are Administered Separately,NUMBER,,X,,,,,,,,,,,,,,,,,,,,,,,,,,,,,,,,,,,,,,,,,,,,,,,,,,,,,
BEN2_SUPP_INDICATOR,"Benefit 2 Supplement Indicator (Y=Yes, N=No) When Participant Has Multiple Benefits That are Administered Separately (can be set to Y for only one of the XRD benefits)",TEXT,,X,,,,,,,,,,,,,,,,,,,,,,,,,,,,,,,,,,,,,,,,,,,,,,,,,,,,,
BEN2_FSSB_INDICATOR,"Benefit 2 Free Surviving Spouse Indicator (Y=Yes, N=No) When Participant Has Multiple Benefits That are Administered Separately (can be set to Y for only one of the XRD benefits)",TEXT,,X,,,,,,,,,,,,,,,,,,,,,,,,,,,,,,,,,,,,,,,,,,,,,,,,,,,,,
BEN3_INDICATOR,"Benefit 3 Indicator When Participant Has Multiple Benefits That are Administered Separately (B1, B2, B3, Hourly, Salaried …) (indicator must match Spectrum indicator)
Use these fields when participant has multiple benefit election opportunities; for example if a participant has an Hourly and Salaried benefit under the same plan which can begin at different times and/or under a different form of annuity.",TEXT,,X,,,,,,,,,,,,,,,,,,,,,,,,,,,,,,,,,,,,,,,,,,,,,,,,,,,,,
BEN3_AMOUNT,Benefit 3 Amount When Participant Has Multiple Benefits That are Administered Separately (for XRD Benefit),CURRENCY,,X,,,,,,,,,,,,,,,,,,,,,,,,,,,,,,,,,,,,,,,,,,,,,,,,,,,,,
BEN3_START_DATE,Benefit 3 Start Date When Participant Has Multiple Benefits That are Administered Separately,DATE/TIME,,X,,,,,,,,,,,,,,,,,,,,,,,,,,,,,,,,,,,,,,,,,,,,,,,,,,,,,
BEN3_END_DATE,Benefit 3 End Date (last day benefit payable) When Participant Has Multiple Benefits That are Administered Separately,DATE/TIME,,X,,,,,,,,,,,,,,,,,,,,,,,,,,,,,,,,,,,,,,,,,,,,,,,,,,,,,
BEN3_FORM_CODE,Benefit 3 Form of Annuity Code When Participant Has Multiple Benefits That are Administered Separately (Same Codes as FORM_CODE from C1 table),TEXT,,X,,,,,,,,,,,,,,,,,,,,,,,,,,,,,,,,,,,,,,,,,,,,,,,,,,,,,
BEN3_SPC,Benefit 3 Survivor Percentage When Participant Has Multiple Benefits That are Administered Separately,NUMBER,,X,,,,,,,,,,,,,,,,,,,,,,,,,,,,,,,,,,,,,,,,,,,,,,,,,,,,,
BEN3_MTHS,Benefit 3 Months Certain When Participant Has Multiple Benefits That are Administered Separately,NUMBER,,X,,,,,,,,,,,,,,,,,,,,,,,,,,,,,,,,,,,,,,,,,,,,,,,,,,,,,
BEN3_SUPP_INDICATOR,"Benefit 3 Supplement Indicator (Y=Yes, N=No) When Participant Has Multiple Benefits That are Administered Separately (can be set to Y for only one of the XRD benefits)",TEXT,,X,,,,,,,,,,,,,,,,,,,,,,,,,,,,,,,,,,,,,,,,,,,,,,,,,,,,,
BEN3_FSSB_INDICATOR,"Benefit 3 Free Surviving Spouse Indicator (Y=Yes, N=No) When Participant Has Multiple Benefits That are Administered Separately (can be set to Y for only one of the XRD benefits)",TEXT,,X,,,,,,,,,,,,,,,,,,,,,,,,,,,,,,,,,,,,,,,,,,,,,,,,,,,,,
BEN4_INDICATOR,"Benefit 4 Indicator When Participant Has Multiple Benefits That are Administered Separately (B1, B2, B3, Hourly, Salaried …) (indicator must match Spectrum indicator)
Use these fields when participant has multiple benefit election opportunities; for example if a participant has an Hourly and Salaried benefit under the same plan which can begin at different times and/or under a different form of annuity.",TEXT,,X,,,,,,,,,,,,,,,,,,,,,,,,,,,,,,,,,,,,,,,,,,,,,,,,,,,,,
BEN4_AMOUNT,Benefit 4 Amount When Participant Has Multiple Benefits That are Administered Separately (for XRD Benefit),CURRENCY,,X,,,,,,,,,,,,,,,,,,,,,,,,,,,,,,,,,,,,,,,,,,,,,,,,,,,,,
BEN4_START_DATE,Benefit 4 Start Date When Participant Has Multiple Benefits That are Administered Separately,DATE/TIME,,X,,,,,,,,,,,,,,,,,,,,,,,,,,,,,,,,,,,,,,,,,,,,,,,,,,,,,
BEN4_END_DATE,Benefit 4 End Date (last day benefit payable) When Participant Has Multiple Benefits That are Administered Separately,DATE/TIME,,X,,,,,,,,,,,,,,,,,,,,,,,,,,,,,,,,,,,,,,,,,,,,,,,,,,,,,
BEN4_FORM_CODE,Benefit 4 Form of Annuity Code When Participant Has Multiple Benefits That are Administered Separately (Same Codes as FORM_CODE from C1 table),TEXT,,X,,,,,,,,,,,,,,,,,,,,,,,,,,,,,,,,,,,,,,,,,,,,,,,,,,,,,
BEN4_SPC,Benefit 4 Survivor Percentage When Participant Has Multiple Benefits That are Administered Separately,NUMBER,,X,,,,,,,,,,,,,,,,,,,,,,,,,,,,,,,,,,,,,,,,,,,,,,,,,,,,,
BEN4_MTHS,Benefit 4 Months Certain When Participant Has Multiple Benefits That are Administered Separately,NUMBER,,X,,,,,,,,,,,,,,,,,,,,,,,,,,,,,,,,,,,,,,,,,,,,,,,,,,,,,
BEN4_SUPP_INDICATOR,"Benefit 4 Supplement Indicator (Y=Yes, N=No) When Participant Has Multiple Benefits That are Administered Separately (can be set to Y for only one of the XRD benefits)",TEXT,,X,,,,,,,,,,,,,,,,,,,,,,,,,,,,,,,,,,,,,,,,,,,,,,,,,,,,,
BEN4_FSSB_INDICATOR,"Benefit 4 Free Surviving Spouse Indicator (Y=Yes, N=No) When Participant Has Multiple Benefits That are Administered Separately (can be set to Y for only one of the XRD benefits)",TEXT,,X,,,,,,,,,,,,,,,,,,,,,,,,,,,,,,,,,,,,,,,,,,,,,,,,,,,,,
BEN5_INDICATOR,"Benefit 5 Indicator When Participant Has Multiple Benefits That are Administered Separately (B1, B2, B3, Hourly, Salaried …) (indicator must match Spectrum indicator)
Use these fields when participant has multiple benefit election opportunities; for example if a participant has an Hourly and Salaried benefit under the same plan which can begin at different times and/or under a different form of annuity.",TEXT,,X,,,,,,,,,,,,,,,,,,,,,,,,,,,,,,,,,,,,,,,,,,,,,,,,,,,,,
BEN5_AMOUNT,Benefit 5 Amount When Participant Has Multiple Benefits That are Administered Separately (for XRD Benefit),CURRENCY,,X,,,,,,,,,,,,,,,,,,,,,,,,,,,,,,,,,,,,,,,,,,,,,,,,,,,,,
BEN5_START_DATE,Benefit 5 Start Date When Participant Has Multiple Benefits That are Administered Separately,DATE/TIME,,X,,,,,,,,,,,,,,,,,,,,,,,,,,,,,,,,,,,,,,,,,,,,,,,,,,,,,
BEN5_END_DATE,Benefit 5 End Date (last day benefit payable) When Participant Has Multiple Benefits That are Administered Separately,DATE/TIME,,X,,,,,,,,,,,,,,,,,,,,,,,,,,,,,,,,,,,,,,,,,,,,,,,,,,,,,
BEN5_FORM_CODE,Benefit 5 Form of Annuity Code When Participant Has Multiple Benefits That are Administered Separately (Same Codes as FORM_CODE from C1 table),TEXT,,X,,,,,,,,,,,,,,,,,,,,,,,,,,,,,,,,,,,,,,,,,,,,,,,,,,,,,
BEN5_SPC,Benefit 5 Survivor Percentage When Participant Has Multiple Benefits That are Administered Separately,NUMBER,,X,,,,,,,,,,,,,,,,,,,,,,,,,,,,,,,,,,,,,,,,,,,,,,,,,,,,,
BEN5_MTHS,Benefit 5 Months Certain When Participant Has Multiple Benefits That are Administered Separately,NUMBER,,X,,,,,,,,,,,,,,,,,,,,,,,,,,,,,,,,,,,,,,,,,,,,,,,,,,,,,
BEN5_SUPP_INDICATOR,"Benefit 5 Supplement Indicator (Y=Yes, N=No) When Participant Has Multiple Benefits That are Administered Separately (can be set to Y for only one of the XRD benefits)",TEXT,,X,,,,,,,,,,,,,,,,,,,,,,,,,,,,,,,,,,,,,,,,,,,,,,,,,,,,,
BEN5_FSSB_INDICATOR,"Benefit 5 Free Surviving Spouse Indicator (Y=Yes, N=No) When Participant Has Multiple Benefits That are Administered Separately (can be set to Y for only one of the XRD benefits)",TEXT,,X,,,,,,,,,,,,,,,,,,,,,,,,,,,,,,,,,,,,,,,,,,,,,,,,,,,,,
CE_TRACK1,Indicator for Participant Benefiting from the Disability Max or from not applying the Accrued-at-Normal Limitation solely due to SSA Disability (Y or N),TEXT,,X,,,,,,,,,,,,,,,,,,,,,,,,,,,,,,,,,,,,,,,,,,,,,,,,,,,,,
CE_TRACK2,Indicator for Participant Receiving Plan Disability Benefit (Y or N),TEXT,,X,,,,,,,,,,,,,,,,,,,,,,,,,,,,,,,,,,,,,,,,,,,,,,,,,,,,,
CE_TRACK3,Indicator for SSA Disability Eligibility being Required for the Plan Disability Benefit (Y or N),TEXT,,X,,,,,,,,,,,,,,,,,,,,,,,,,,,,,,,,,,,,,,,,,,,,,,,,,,,,,
CE_TRACK4,Indicator for Participant Receiving Temporary Supplement subject to Earnings Limitation Offset (Y or N),TEXT,,X,,,,,,,,,,,,,,,,,,,,,,,,,,,,,,,,,,,,,,,,,,,,,,,,,,,,,
CE_TRACK5,Indicator for Participant Receiving Benefit subject to Worker’s Compensation Offset (Y or N),TEXT,,X,,,,,,,,,,,,,,,,,,,,,,,,,,,,,,,,,,,,,,,,,,,,,,,,,,,,,
CE_TRACK6,Indicator for Participant Receiving Benefit subject to Some Other Future Offset (Y or N),TEXT,,X,,,,,,,,,,,,,,,,,,,,,,,,,,,,,,,,,,,,,,,,,,,,,,,,,,,,,
XRD_SURV_MB_TERM,Termination XRD Survivor Monthly Benefit,CURRENCY,,X,,,,,,,,,,,,,,,,,,,,,,,,,,,,,,,,,,,,,,,,,,,,,,,,,,,,,
TERM_SURV_MB_NRD,Termination NRD Survivor Monthly Benefit,CURRENCY,,X,,,,,,,,,,,,,,,,,,,,,,,,,,,,,,,,,,,,,,,,,,,,,,,,,,,,,
TERM_SURV_MB_EURD,Termination EURD Survivor Monthly Benefit,CURRENCY,,X,,,,,,,,,,,,,,,,,,,,,,,,,,,,,,,,,,,,,,,,,,,,,,,,,,,,,
TERM_SURV_MB_ERD,Termination ERD Survivor Monthly Benefit,CURRENCY,,X,,,,,,,,,,,,,,,,,,,,,,,,,,,,,,,,,,,,,,,,,,,,,,,,,,,,,
TERM_SURV_MB_ARD,Termination ARD Survivor Monthly Benefit,CURRENCY,,X,,,,,,,,,,,,,,,,,,,,,,,,,,,,,,,,,,,,,,,,,,,,,,,,,,,,,
CUSTOMER_DELETE_FLAG,Deleted record indicator (Y = deleted record).  Note records can only be added or deleted via BCV_Leo.  The system populates this fields when a record is deleted in BCV_Leo.,TEXT,,,,,,,,,,,,,,,,,,,,,,,,,,,,,,,,,,,,,,,,,,,,,,,,,,,,,,,
DATABASE_ID,"Unique system generated BCV database ID (in general each case has one database ID but to support the migration effort, the system does allow for more than one database ID for a case)",NUMBER,,,,,,,,,,,,,,,,,,,,,,,,,,,,,,,,,,,,,,,,,,,,,,,,,,,,,,,
